id,domain,status,purchase_price,renewal_price,attractiveness,demand,length,registrar,created_at,expires_at,status_verified_at
ce85e36f-ba2f-4ec7-a873-d9928c12163c,christianity.marketing,available,8.99,41.99,high,low,12,namesilo,,,29/09/2026 15:11
80f03f06-56ac-4a6f-95ea-b14503a4db5c,astride.marketing,available,6.98,53.98,medium,low,7,namecheap,,,13/09/2026 22:11
45f1a16e-a6ec-4715-a539-9f1353dbdf5a,interfaith.marketing,available,6.98,53.98,high,low,10,namecheap,,,22/08/2026 08:02
107d8a8a-8c48-4876-907b-d2e1205ade92,captivity.marketing,available,32.2,32.2,high,low,9,cloudflare,,,29/09/2026 11:51
76d930c6-1204-4bc4-b2a6-765579c4caf7,downcast.marketing,available,6.98,53.98,medium,low,8,namecheap,,,14/08/2026 17:33
63a4c1b8-def3-4688-b63b-60afb7405639,primates.marketing,available,32.2,32.2,high,low,8,cloudflare,,,30/09/2026 02:24
c6c56f48-fc87-4d01-8761-f12aab9cfb5e,nagging.marketing,available,6.98,53.98,medium,low,7,namecheap,,,03/09/2026 12:41
85f909d2-42a9-426c-a183-afd43f1cea58,seating.marketing,available,5.66,33.47,high,low,7,porkbun,,,29/09/2026 02:06
e000f13d-330f-4c68-9757-ad3ab8f13160,skies.marketing,available,6.98,53.98,high,low,5,namecheap,,,18/09/2026 07:49
041aa006-8fdf-4efb-8b15-c09b77a58f99,insecure.marketing,available,6.98,53.98,high,low,8,namecheap,,,22/08/2026 06:42
0e5e6990-012d-4355-be9c-2288f35b3c20,agrarian.marketing,available,6.98,53.98,high,low,8,namecheap,,,
5a9e7021-61da-4e4e-b891-bcde6c3dad6b,teutonic.marketing,available,6.98,53.98,medium,low,8,namecheap,,,11/09/2026 12:13
5f8009e3-afa2-4522-816b-72d8aede0107,primes.marketing,available,8.99,41.99,medium,low,6,namesilo,,,20/09/2026 11:21
bb997b7b-5803-4ecd-909c-470756999ec8,infirm.marketing,available,9.99,52.99,medium,low,6,name.com,,,13/08/2026 20:32
7b7e31ce-4b71-46db-a3ad-4235f04f5373,season.marketing,available,32.2,32.2,high,low,6,cloudflare,,,29/09/2026 19:31
53bd7d49-78fa-400c-9abb-6dff0cf6e4ed,entered.marketing,available,8.99,41.99,medium,low,7,namesilo,,,18/09/2026 11:17
ddb2c636-6a2c-48ce-9177-d987105e2160,should.marketing,available,9.99,,high,low,6,name.com,,,
9e7230d1-e1bb-4f23-8369-c2ee9cd9dad2,hefty.marketing,available,6.98,53.98,medium,low,5,namecheap,,,11/08/2026 02:48
ef7102e7-c066-4d42-bd26-f3ab1687b9aa,publication.marketing,available,9.99,,high,low,11,name.com,,,
83b96095-6c4d-4160-a139-81b59086e6b1,goonie.marketing,available,6.98,53.98,medium,low,6,namecheap,,,23/09/2026 23:45
95af6eb8-3d4d-408b-a290-a2cbda455930,chilly.marketing,available,6.98,53.98,high,low,6,namecheap,,,12/08/2026 05:30
7a3795dd-be46-4a7c-9200-b41675ea4363,wheat.marketing,available,32.2,32.2,high,low,5,cloudflare,,,28/09/2026 06:34
bcd4866c-577c-48eb-b39d-f7271e8406b0,warsaw.marketing,available,6.41,33.32,high,low,6,spaceship,,,29/09/2026 06:15
fbfeb0e8-e3a4-4747-bed6-a33f1702afc4,amundsen.marketing,available,8.99,41.99,medium,low,8,namesilo,,,19/09/2026 00:12
50d77887-89f4-4f7c-b2a3-41db5c9b974b,percussive.marketing,available,6.98,53.98,high,low,10,namecheap,,,08/09/2026 16:22
42366e93-9d81-4f01-a476-a3ff6699b0b7,fruitcake.marketing,available,6.98,53.98,medium,low,9,namecheap,,,10/09/2026 00:13
60a003d7-d737-48a5-b755-cffed7e130bd,booze.marketing,available,8.99,41.99,high,low,5,namesilo,,,24/09/2026 07:21
c12caa56-b453-4001-9b7c-2b87844a1767,backstitch.marketing,available,8.99,41.99,medium,low,10,namesilo,,,21/09/2026 16:04
d7efb296-858a-41ff-b4cc-b5cb6d5aebb5,trouper.marketing,available,8.99,41.99,medium,low,7,namesilo,,,22/09/2026 06:54
60e16098-d8a0-40ad-8c42-0c190114f396,lxxxii.marketing,available,6.98,53.98,medium,low,6,namecheap,,,
dde83ceb-7396-49a8-9dbb-b8fa1ff2aaf0,surrounded.marketing,available,6.98,53.98,high,low,10,namecheap,,,16/08/2026 22:16
871423be-bce3-4887-84b2-84db4bf70e42,sick.marketing,available,8.99,41.99,high,low,4,namesilo,,,23/09/2026 02:10
c49b8a4a-106e-4982-a3a2-374eefcd2c1c,tomboys.marketing,available,6.98,53.98,low,low,7,namecheap,,,20/09/2026 23:15
8e36ca6a-9a6a-4483-8e06-c407c9a529d3,autograph.marketing,resell,,,high,low,9,"GoDaddy.com, LLC",12/02/2020 19:43,12/02/2027 19:43,26/09/2026 04:09
d1f06668-29f3-420d-bf38-53cd87d08194,specialize.marketing,available,32.2,32.2,high,low,10,cloudflare,,,29/09/2026 14:15
e9c02f23-6490-469b-970b-15f95e39d2e4,obscure.marketing,available,6.98,53.98,high,low,7,namecheap,,,05/08/2026 21:59
b801abd1-07f1-48fa-bfb7-96717fce414d,pyrenees.marketing,available,9.99,,high,low,8,name.com,,,
645deb99-93c5-492f-9bdd-a29b36e1cfae,sibylline.marketing,available,6.98,53.98,medium,low,9,namecheap,,,11/08/2026 12:20
67f1508c-edc2-4ba8-b3ab-ae0be7f61806,theology.marketing,available,5.57,34.46,high,low,8,dynadot,,,29/09/2026 14:03
9a690852-d21a-4714-92dd-fd8422fdc88b,deprived.marketing,available,6.98,53.98,medium,low,8,namecheap,,,14/08/2026 02:45
0cf641b9-9d57-4587-99da-5c0a12a7f35d,amebous.marketing,available,6.98,53.98,medium,low,7,namecheap,,,
c8e191f3-7dee-4fa6-ba0f-1687b013b940,increasingly.marketing,available,5.57,34.46,high,low,12,dynadot,,,29/09/2026 04:46
c31b5c0d-2a9a-4887-aa3b-b54b1b689127,ira.marketing,premium,54.36,108.6,high,low,3,porkbun,,,28/09/2026 14:31
2209149e-d705-40e1-9324-dd3672fbe6e9,liberally.marketing,available,6.98,53.98,high,low,9,namecheap,,,14/09/2026 21:12
327b9e65-8d2f-44bd-a047-f74d451a37d3,goodly.marketing,available,6.98,53.98,high,low,6,namecheap,,,20/08/2026 16:36
5d03a3b9-a446-47cf-824d-8cbcadfa6758,typewriters.marketing,available,8.99,41.99,medium,low,11,namesilo,,,21/09/2026 07:13
fbfc70e3-3a81-483e-8ffb-2e54f27800ba,moire.marketing,available,6.98,53.98,medium,low,5,namecheap,,,25/08/2026 03:26
02ece37f-400f-4ab0-86dd-cd4a03f9b57e,sounded.marketing,available,9.99,,medium,low,7,name.com,,,
ed9c4c05-f631-43ba-94f1-a8d02ac41593,shabby.marketing,available,6.98,53.98,medium,low,6,namecheap,,,25/08/2026 06:58
cc4660ab-896e-44f6-9982-7bae3044a9b0,posting.marketing,available,9.99,,high,low,7,name.com,,,
34acfaa2-db06-4165-9f40-b7abe0d0d667,stunner.marketing,available,6.98,53.98,high,low,7,namecheap,,,22/08/2026 16:40
70061c05-58b4-42d9-a17d-95817db052c3,dinkey.marketing,available,6.98,53.98,medium,low,6,namecheap,,,14/08/2026 08:16
8f3e50de-6b3e-439b-a7d9-35680ab53989,needful.marketing,available,6.98,53.98,high,low,7,namecheap,,,03/09/2026 14:51
1bfaf4c2-f269-423a-b6df-3e096f9fe8a2,deciphered.marketing,available,6.98,53.98,medium,low,10,namecheap,,,13/08/2026 21:34
cd628ec0-6177-403b-8082-9f28053bf990,cordiality.marketing,available,8.99,41.99,high,low,10,namesilo,,,18/09/2026 21:58
9a394739-992b-4848-9787-c0db5794a234,karen.marketing,available,8.99,41.99,high,low,5,namesilo,,,25/09/2026 08:08
935db977-0e4e-4280-ab6b-5ba7e1812640,enlisted.marketing,available,6.41,33.32,medium,low,8,spaceship,,,28/09/2026 22:48
dd7a8a5c-25c9-433c-b680-90f1f7678e49,received.marketing,available,8.99,41.99,high,low,8,namesilo,,,27/09/2026 10:43
0994c29d-2b08-4a71-a9a3-a80a3b3b75f4,bewitch.marketing,available,6.98,53.98,high,low,7,namecheap,,,21/08/2026 07:41
6547c061-2538-4f94-969d-5b7264e106f7,bannister.marketing,available,6.98,53.98,high,low,9,namecheap,,,22/09/2026 00:23
255a5b59-2de3-4c35-9458-c08b76925dfc,submission.marketing,available,8.99,41.99,high,low,10,namesilo,,,29/09/2026 07:36
d313a870-1430-47d6-b599-6734221369aa,dalmatia.marketing,available,6.41,33.32,medium,low,8,spaceship,,,29/09/2026 12:00
3b8412ee-daf6-495f-b0f6-ded09eb0cd39,eater.marketing,available,6.98,53.98,high,low,5,namecheap,,,19/09/2026 09:42
9a2b3c6e-8bbe-469a-b166-428ed1f267e5,tahiti.marketing,available,5.57,34.46,high,low,6,dynadot,,,29/09/2026 20:28
6b0c66c9-0ea9-40c9-a08d-6e82da909ba2,actinon.marketing,available,6.98,53.98,medium,low,7,namecheap,,,
bb6746e5-3cbd-45bd-845e-ae03db084018,experience.marketing,premium,68.51,68.51,high,medium,10,spaceship,,,29/09/2026 18:39
793a4daf-5283-4093-bd81-54723bf115a7,saleh.marketing,available,6.41,33.32,high,low,5,spaceship,,,29/09/2026 22:35
6e25b229-8abd-44ed-8d70-ede6e6fda49d,perish.marketing,available,5.57,34.46,medium,low,6,dynadot,,,29/09/2026 18:32
12d78227-6ab6-409c-a289-569d44182e52,narratives.marketing,available,8.99,41.99,medium,low,10,namesilo,,,20/09/2026 10:13
7434f8b8-771d-48f9-8769-cf3728a21adf,unverified.marketing,available,6.98,53.98,medium,low,10,namecheap,,,12/09/2026 22:13
6bbbbc65-5467-425f-baa5-c412bd85ea34,curzon.marketing,available,6.41,33.32,medium,low,6,spaceship,,,29/09/2026 22:25
17ba8f9e-f5e6-4d81-ba67-c1d67301ecf2,aerobic.marketing,available,6.98,53.98,high,low,7,namecheap,,,21/09/2026 21:01
611e4cfc-595a-4577-8865-a143f748e085,pigheaded.marketing,available,6.98,53.98,medium,low,9,namecheap,,,11/08/2026 08:32
37487595-651a-4e24-aa4a-9ffa5088bd89,cartesian.marketing,available,6.98,53.98,high,low,9,namecheap,,,11/08/2026 19:49
6ceba703-c866-44e9-ac6c-5e2b83ab3a78,pilot.marketing,resell,,,high,medium,5,"Spaceship, Inc.",08/04/2025 15:15,08/04/2027 15:15,28/09/2026 19:40
c3eb4ae5-b339-45a8-be6d-e9711e0a7b06,slapped.marketing,available,6.41,33.32,low,low,7,spaceship,,,29/09/2026 23:39
39010494-d376-4660-98b6-a81dac7960cf,support.marketing,resell,,,high,medium,7,"Spaceship, Inc.",12/07/2023 15:15,12/07/2027 15:15,26/09/2026 09:25
7fe0e1f7-b071-432a-89c3-f4d9dc8ab23c,meanly.marketing,available,6.98,53.98,medium,low,6,namecheap,,,13/09/2026 23:32
5ff8a9bf-f1b5-4c2b-83a4-4fd9df5499c7,onionskin.marketing,available,6.98,53.98,medium,low,9,namecheap,,,18/08/2026 08:17
ed5c9608-31aa-45c7-9d17-7c5155ce8e56,guardians.marketing,available,8.99,41.99,medium,low,9,namesilo,,,30/09/2026 00:06
5d2a14c3-b58c-4dd5-a968-8f3e4e34085f,disks.marketing,available,8.99,41.99,medium,low,5,namesilo,,,18/09/2026 11:49
bd2cb600-085b-4907-ad1a-470ebf7ef6e3,shopkeeper.marketing,available,8.99,41.99,high,low,10,namesilo,,,28/09/2026 02:48
7facab9d-3346-454e-8683-bceb9a91566e,sneaker.marketing,available,6.98,53.98,high,low,7,namecheap,,,11/08/2026 16:16
250ce7af-f420-46c6-b489-793a04ee21a7,poster.marketing,available,8.99,41.99,high,low,6,namesilo,,,29/09/2026 02:42
7bdcfe5e-d760-489d-b3e5-f29b8a1ecdc3,isometric.marketing,available,6.98,53.98,high,low,9,namecheap,,,22/08/2026 11:10
630aabc2-dff4-4fd0-b6e3-8a5db4b691d7,planted.marketing,available,8.99,41.99,high,low,7,namesilo,,,24/09/2026 04:59
87b672bf-7c42-4164-9353-8406f41e34fa,bandleader.marketing,available,8.99,41.99,high,low,10,namesilo,,,22/09/2026 01:25
8bd9f148-9e39-4bf1-abc2-15cf5469a93c,judgement.marketing,available,6.41,33.32,high,low,9,spaceship,,,30/09/2026 01:01
8671a447-03a9-4bb7-9a43-3c66e18ee23a,birretta.marketing,available,8.99,41.99,medium,low,8,namesilo,,,23/09/2026 10:09
db229b84-373f-4191-a8fb-4a1beb45be88,cycles.marketing,available,8.99,41.99,medium,low,6,namesilo,,,20/09/2026 09:25
56e606ba-be2f-4a60-bf00-21d87fd279d7,jaw.marketing,available,8.99,41.99,high,low,3,namesilo,,,27/09/2026 03:31
21dc768b-f585-41a2-8701-b3116591e2bc,cinematic.marketing,available,6.98,53.98,high,low,9,namecheap,,,12/08/2026 08:13
ba776b8e-fb96-44a8-a440-07dbec228c3f,huston.marketing,available,8.99,41.99,medium,low,6,namesilo,,,28/09/2026 14:28
d3a7b22a-6b17-450f-bdf8-d63f24703c22,combed.marketing,available,6.98,53.98,medium,low,6,namecheap,,,12/08/2026 18:33
84547fb1-1148-48fb-a4fb-a9ae710c6f68,tolerant.marketing,available,6.98,53.98,high,low,8,namecheap,,,22/08/2026 19:55
c3f0b9a9-dd8e-44dc-9485-c1f1e927fcec,mccall.marketing,available,6.41,33.32,medium,low,6,spaceship,,,27/09/2026 21:08
7f8e1c7f-300d-40c4-8364-fbeb91298af5,genoese.marketing,available,6.98,53.98,high,low,7,namecheap,,,18/08/2026 21:48
5f32145d-2f40-4e02-a791-75c579e81090,cheesecakes.marketing,available,6.98,53.98,medium,low,11,namecheap,,,08/09/2026 07:37
8bee33e6-8a78-4d27-9e4f-645e96eba222,hemorrhage.marketing,available,8.99,41.99,medium,low,10,namesilo,,,24/09/2026 05:28
80719ddf-4c9f-4c96-8a02-954b6068615f,ferrous.marketing,available,6.98,53.98,medium,low,7,namecheap,,,18/08/2026 02:09
9f67cfa8-d0fe-4cf8-988a-c95ed4305ad2,slowest.marketing,available,6.98,53.98,medium,low,7,namecheap,,,16/09/2026 02:44
17bf1b20-e783-4f9f-a863-eb841886d072,irons.marketing,available,32.2,32.2,high,low,5,cloudflare,,,29/09/2026 07:52
0181ac9c-3642-48a1-ac1a-a53f7a288371,chernobyl.marketing,available,6.41,33.32,medium,low,9,spaceship,,,29/09/2026 11:54
a59ec091-3288-4db8-b3c1-b94c17c9342c,unredeemed.marketing,available,6.98,53.98,medium,low,10,namecheap,,,12/09/2026 17:55
8331a88b-f043-47e3-b0e8-2c24202ff4d7,partido.marketing,available,32.2,32.2,high,low,7,cloudflare,,,29/09/2026 08:45
1777a73c-aaab-4a9c-9dcd-2540564aa008,hawks.marketing,available,8.99,41.99,medium,low,5,namesilo,,,28/09/2026 22:17
509445d2-35d9-447f-bf7d-375579d6a298,anoa.marketing,available,8.99,41.99,medium,low,4,namesilo,,,19/09/2026 11:10
53420a8d-8b26-479b-a488-d6a6d63b73c9,overfond.marketing,available,6.98,53.98,medium,low,8,namecheap,,,04/09/2026 20:35
87ef8af0-ab7f-4a08-ae95-1508de099221,axial.marketing,available,6.98,53.98,high,low,5,namecheap,,,22/09/2026 15:33
1e714bad-dfc3-4f91-b1fd-aa9a0a114eb2,affined.marketing,available,6.98,53.98,medium,low,7,namecheap,,,
ca0349a1-72e5-4862-a5ea-cc6c8b66d8ae,quad.marketing,available,6.41,33.32,high,low,4,spaceship,,,29/09/2026 13:30
9920f02c-ac28-423f-aa17-be9d635ff196,nub.marketing,available,6.98,53.98,high,low,3,namecheap,,,14/09/2026 23:53
5fb3fcfb-b511-4396-9b3e-b248fdbfd469,earthling.marketing,available,6.98,53.98,high,low,9,namecheap,,,11/09/2026 10:43
1935981b-5d9a-4463-a1b8-8661c28e5cb7,rhomboidal.marketing,available,6.98,53.98,medium,low,10,namecheap,,,09/09/2026 16:49
81909c14-6271-49e8-bc60-42811981bd79,racism.marketing,available,32.2,32.2,medium,low,6,cloudflare,,,29/09/2026 02:00
2d748d69-935c-4223-b0e4-dc9144ff3cf8,charitably.marketing,available,6.98,53.98,medium,low,10,namecheap,,,14/09/2026 06:19
69bdb16f-c0b8-48fe-8fb1-0ca37a5f2850,fighting.marketing,available,6.98,53.98,high,low,8,namecheap,,,24/09/2026 18:04
8f596ee7-5388-45d9-bb4f-96b14e5a0736,excited.marketing,available,8.99,41.99,high,low,7,namesilo,,,24/09/2026 15:55
de135339-feba-410f-b7a1-028efbc3c0bb,griffon.marketing,available,6.98,53.98,medium,low,7,namecheap,,,23/09/2026 05:02
bd39d1ad-6840-44dc-b7c5-515a66d46edd,aflatoxin.marketing,available,6.98,53.98,medium,low,9,namecheap,,,17/09/2026 15:06
5b2653b8-df28-442e-811b-0c8390f9f9c0,haldane.marketing,available,32.2,32.2,medium,low,7,cloudflare,,,30/09/2026 01:29
e5413557-9972-4356-833e-612424a57c06,infrequent.marketing,available,6.98,53.98,medium,low,10,namecheap,,,22/08/2026 04:50
e1a021de-6b6a-4628-b01d-2feefde45b9d,recordings.marketing,available,6.41,33.32,medium,low,10,spaceship,,,29/09/2026 16:40
660bbbe4-3d6c-4646-8e6a-d230d350ec7a,despise.marketing,available,32.2,32.2,high,low,7,cloudflare,,,29/09/2026 15:39
fac4f543-2e25-4389-8bf7-edf09e7a2c3f,lord.marketing,resell,,,high,low,4,IONOS SE,21/12/2017 15:32,21/12/2026 15:32,26/09/2026 07:19
b0be424c-cc1c-445b-abc2-a09b0d02e624,undisciplined.marketing,available,9.99,,medium,low,13,name.com,,,
8efea5a2-7e9a-4a3d-9594-4e08bb4ce090,pneumatic.marketing,available,6.98,53.98,high,low,9,namecheap,,,08/09/2026 22:06
d1481360-0bcd-4e95-8e0b-afe267d77bf8,aesop.marketing,available,8.99,41.99,medium,low,5,namesilo,,,17/09/2026 13:24
be1dc031-8ae9-43d6-8786-5d5c3fdb879c,lays.marketing,available,32.2,32.2,medium,low,4,cloudflare,,,29/09/2026 05:27
fd5b3473-e2e6-418d-90ef-04dc7d0765d4,queried.marketing,available,8.99,41.99,medium,low,7,namesilo,,,20/09/2026 15:21
1744e554-a201-4e47-985d-8bae1f53c25e,penultima.marketing,available,6.98,53.98,medium,low,9,namecheap,,,08/09/2026 15:14
692765dd-3779-423c-bfe4-ff1c25435a2d,symptoms.marketing,available,6.98,53.98,medium,low,8,namecheap,,,27/09/2026 22:08
ea5fd105-14f2-410f-920a-7c769b608f71,pure.marketing,resell,,,high,medium,4,"Sav.com, LLC - 24",09/09/2025 15:15,09/09/2027 15:15,27/09/2026 08:17
a9c46af5-41cc-4379-8e73-e551ebfab180,uncoupled.marketing,available,6.98,53.98,medium,low,9,namecheap,,,12/09/2026 06:17
6e7c8a75-0968-4370-a53d-01cfd1c52128,truer.marketing,available,6.98,53.98,medium,low,5,namecheap,,,20/09/2026 05:56
a2837eff-460c-42e0-9173-66264f43b084,carved.marketing,available,6.98,53.98,high,low,6,namecheap,,,11/08/2026 19:57
70a4a7b6-87df-4202-832e-16201f48b962,recipes.marketing,premium,54.36,108.6,high,low,7,porkbun,,,29/09/2026 06:03
e577c525-d1ab-4e8f-afa1-0c1910c6834f,demoralize.marketing,available,6.98,53.98,medium,low,10,namecheap,,,13/08/2026 02:16
f2a35438-768f-4ab4-b599-94837461607d,explicit.marketing,available,6.98,53.98,high,low,8,namecheap,,,17/08/2026 18:24
10e749b6-bc48-4c21-9a28-3d984922f706,veridical.marketing,available,6.98,53.98,medium,low,9,namecheap,,,13/09/2026 02:24
ff3598bd-589a-410e-8da1-ab17dffbd93a,consumption.marketing,available,9.99,,high,low,11,name.com,,,
ce8e4e04-e64b-4553-b1d5-20e0027d15c9,somaliland.marketing,available,8.99,41.99,medium,low,10,namesilo,,,29/09/2026 09:30
b3a04ffd-0408-4f68-aa21-ec17c6ded6ed,individually.marketing,available,8.99,41.99,medium,low,12,namesilo,,,29/09/2026 16:19
2fec5bec-ba90-4860-87a4-1966bf202569,armillary.marketing,available,6.98,53.98,medium,low,9,namecheap,,,06/08/2026 19:44
7fb356a8-f7e4-404a-8963-6554e11d297b,allamanda.marketing,available,6.98,53.98,medium,low,9,namecheap,,,18/09/2026 09:50
70ccce79-a83f-4d76-a607-835d5afd5b3f,chiang.marketing,available,8.99,41.99,medium,low,6,namesilo,,,25/09/2026 16:34
b5893e35-744e-4a47-bc70-d6074d51e714,humbled.marketing,available,6.98,53.98,high,low,7,namecheap,,,21/08/2026 15:00
233d6e16-9c11-47cc-b486-2631aa650b64,azure.marketing,available,,,high,high,5,,,,
b80d7fc2-f46b-4d0d-919a-2fcd353102a7,millions.marketing,available,,,medium,low,8,,,,25/09/2026 20:31
62ea4f0c-a519-48d7-8a35-98d0d2d95096,approach.marketing,available,6.98,53.98,high,low,8,namecheap,,,06/08/2026 08:44
30499174-30ad-4501-b470-259a795bf0db,dicker.marketing,available,9.99,52.99,high,low,6,name.com,,,22/09/2026 05:30
bee53c35-8001-48cc-8b3a-40fee4da88cd,upton.marketing,available,8.99,41.99,medium,low,5,namesilo,,,27/09/2026 11:29
85806e31-ab6e-46d2-b78d-50b4a4a13fcb,liberation.marketing,available,8.99,41.99,high,low,10,namesilo,,,28/09/2026 14:14
cf141b58-455e-43f9-84e5-357585cb2019,afresh.marketing,available,6.98,53.98,medium,low,6,namecheap,,,13/09/2026 18:01
b9cb8057-1fd4-4c20-b110-0d5b158dc5ce,dorothea.marketing,available,8.99,41.99,medium,low,8,namesilo,,,28/09/2026 07:54
40cbba1f-0897-4906-8bab-0fad07e1db85,fall.marketing,available,8.99,41.99,high,low,4,namesilo,,,28/09/2026 09:35
f165a8dd-2e52-4a5b-b0df-886c5500164c,positional.marketing,available,6.98,53.98,medium,low,10,namecheap,,,09/09/2026 00:06
b77c92d7-c3fd-4683-be0a-5d1bfea7a44a,arhat.marketing,available,6.98,53.98,medium,low,5,namecheap,,,20/09/2026 05:05
e31dc0ea-2012-4e98-891e-5ca9c674c5df,crops.marketing,available,8.99,41.99,medium,low,5,namesilo,,,29/09/2026 04:57
870b36d2-bed0-4fb8-ac13-ef1d409f01bd,explore.marketing,resell,,,high,medium,7,"Sav.com, LLC - 14",22/01/2026 15:15,22/01/2027 15:15,26/09/2026 05:57
6382ab8c-8dd8-4be2-a88a-811b92855c19,vacant.marketing,available,6.98,53.98,medium,low,6,namecheap,,,13/09/2026 00:38
7e7c86df-575b-4a85-ae6f-4bdb2cd7559e,milan.marketing,available,8.99,41.99,high,low,5,namesilo,,,29/09/2026 07:37
ff0c9e16-2b1f-45e6-86b2-86c52a6faa08,adamson.marketing,available,8.99,41.99,medium,low,7,namesilo,,,28/09/2026 17:25
2d0ed359-e9c3-48a6-ae96-6d034c4ee46d,dancers.marketing,available,8.99,41.99,high,low,7,namesilo,,,20/09/2026 05:50
7dd83ab5-6bdc-4439-b582-34a081486915,sends.marketing,available,6.98,53.98,medium,low,5,namecheap,,,27/09/2026 03:02
b577b21b-1be0-4644-ab37-41dcc26922d3,palatable.marketing,available,6.98,53.98,high,low,9,namecheap,,,04/09/2026 23:15
69e6866b-e7d8-4e2f-b52b-84f51e70aea5,softly.marketing,available,6.98,53.98,high,low,6,namecheap,,,27/09/2026 03:45
26416ad3-3169-47c5-b368-34e815d4d4e4,allegation.marketing,available,8.99,41.99,high,low,10,namesilo,,,18/09/2026 10:09
6b78b6e1-a237-46f2-b16c-c87cc95dd463,rocks.marketing,premium,242,242,high,low,5,namesilo,,,17/09/2026 07:43
140c8f20-26a8-4544-92a5-3e331bf36b7a,witnessed.marketing,available,32.2,32.2,medium,low,9,cloudflare,,,28/09/2026 08:47
86099fb1-cbdf-4fa8-b8b4-2efe82874ad5,autotroph.marketing,available,6.98,53.98,medium,low,9,namecheap,,,21/09/2026 07:36
80672334-5721-4976-ac10-a11d7c927561,pre.marketing,available,,,high,low,3,,,,
03791cb0-e08b-4c96-9d94-b44a32876b60,timorese.marketing,available,6.98,53.98,medium,low,8,namecheap,,,11/09/2026 16:04
d73af26d-2e51-4ef0-b258-af0a56ca38b0,brewster.marketing,available,8.99,41.99,medium,low,8,namesilo,,,28/09/2026 11:34
6578158d-62a7-407a-99e5-fb897065f8bb,cryptic.marketing,available,6.98,53.98,high,low,7,namecheap,,,11/08/2026 12:17
261a18a8-ea0b-4013-8c8d-41a9581f73bd,removable.marketing,available,6.98,53.98,high,low,9,namecheap,,,03/09/2026 23:44
639dfd6f-3ed4-4656-9650-55000f2f743e,candescent.marketing,available,6.98,53.98,medium,low,10,namecheap,,,11/08/2026 16:39
1a9be09c-092a-472a-8a58-24815b9d1733,sterilised.marketing,available,6.98,53.98,medium,low,10,namecheap,,,10/09/2026 20:13
eb4adf6c-53a6-4d35-a6b9-f118315e50f2,somersault.marketing,available,6.98,53.98,high,low,10,namecheap,,,18/08/2026 08:25
4fafb794-b43f-4661-96ef-a06892c9af72,fisherman.marketing,available,32.2,32.2,high,low,9,cloudflare,,,28/09/2026 05:43
d45c7a3e-bf1e-4e5d-a0ac-289301548383,decency.marketing,available,6.41,33.32,high,low,7,spaceship,,,29/09/2026 06:36
f1e44464-8a32-4a54-9379-a96b97c3a1e5,antapex.marketing,available,8.99,41.99,medium,low,7,namesilo,,,19/09/2026 12:32
9bfd84ea-5834-4499-ad63-42b636852469,employ.marketing,available,6.98,53.98,high,low,6,namecheap,,,08/09/2026 13:39
f5cdc126-f8aa-4fa7-9cf7-abcf47507efa,qatari.marketing,available,6.98,53.98,high,low,6,namecheap,,,22/08/2026 15:09
5c6bf2c3-3efb-4b7d-9175-9b0de9d2d3b9,bordered.marketing,available,8.99,41.99,high,low,8,namesilo,,,22/09/2026 23:55
64b6ae8e-2d52-4360-8eef-838c8893118c,prenuptial.marketing,available,8.99,41.99,high,low,10,namesilo,,,22/09/2026 06:05
3a77fde2-9dd4-40e4-8ab5-85f2c1f8b291,confines.marketing,available,8.99,41.99,high,low,8,namesilo,,,24/09/2026 17:13
6a821547-fb10-4a93-8ddd-815a4e35d4c3,verbose.marketing,available,6.98,53.98,medium,low,7,namecheap,,,24/08/2026 09:27
feaf8d1a-ad21-448e-8294-09afcdac7abb,glove.marketing,available,8.99,41.99,high,low,5,namesilo,,,29/09/2026 01:21
604f3313-4caa-46e2-8db3-548718da9342,instincts.marketing,available,6.41,33.32,low,low,9,spaceship,,,28/09/2026 17:50
000026dd-d41f-4ff6-8103-c91a8f064ce9,kvetch.marketing,available,6.98,53.98,medium,low,6,namecheap,,,08/09/2026 20:36
84b0b713-b4bb-4110-996c-996992f94356,uncharged.marketing,available,6.98,53.98,medium,low,9,namecheap,,,12/09/2026 05:06
e05d38bf-52f8-4b94-9c9d-9bb57b0526fb,amain.marketing,available,6.98,53.98,medium,low,5,namecheap,,,13/09/2026 19:25
57df1c37-efb5-420a-9bda-fb4d8439b4d4,offered.marketing,available,9.99,,medium,low,7,name.com,,,
dca6ca2a-0862-443a-9f17-80dac164c2d8,acquired.marketing,available,6.98,53.98,high,low,8,namecheap,,,
7285f9dd-626d-44d0-9317-f388217b51c6,hostess.marketing,available,8.99,41.99,high,low,7,namesilo,,,17/09/2026 22:27
c36e2ead-3274-48b6-8e8d-103dcdd519bc,markings.marketing,available,8.99,41.99,medium,low,8,namesilo,,,29/09/2026 10:28
b27134f0-077d-4134-8a07-fd24a5f93f29,barclay.marketing,available,8.99,41.99,high,low,7,namesilo,,,27/09/2026 03:05
bbdfe050-25b7-4374-af5c-73fa0d97ac84,effects.marketing,available,8.99,41.99,high,low,7,namesilo,,,27/09/2026 03:49
242a55f8-2d7a-461b-bd9e-728c1d3b973d,silently.marketing,available,6.98,53.98,medium,low,8,namecheap,,,15/09/2026 15:52
dea2ea0a-3701-426f-80c8-3b1d84e79606,rarest.marketing,available,8.99,41.99,medium,low,6,namesilo,,,20/09/2026 08:14
0ad19e2a-de00-4638-9dda-712557898d86,scriptural.marketing,available,6.98,53.98,medium,low,10,namecheap,,,09/08/2026 18:55
b274acca-f399-46c4-840c-0ff971bf602f,honeyed.marketing,available,6.98,53.98,high,low,7,namecheap,,,21/08/2026 13:23
24f5d7b3-ad83-46f6-9cd9-5ddb7ddc16dc,morse.marketing,available,5.57,34.46,high,low,5,dynadot,,,28/09/2026 19:30
8710650f-811c-4ec2-a2dc-9290ce759444,procurable.marketing,available,6.98,53.98,high,low,10,namecheap,,,18/08/2026 23:08
9f98a4bf-1829-441b-9702-7dbff5719adc,tilden.marketing,available,8.99,41.99,medium,low,6,namesilo,,,23/09/2026 14:08
ef873535-95ec-4bdc-960e-726c9134ab41,rucksack.marketing,available,8.99,41.99,high,low,8,namesilo,,,21/09/2026 14:41
1084b7af-b526-40f1-a20b-4e0cf888de66,academics.marketing,available,6.98,53.98,high,low,9,namecheap,,,28/09/2026 05:28
203dc06d-02de-4e96-9e4a-45f243fbed0a,bitter.marketing,available,6.98,53.98,high,low,6,namecheap,,,
29593889-1ef9-456c-bcbb-65f08b7db7cc,searching.marketing,available,8.99,41.99,high,low,9,namesilo,,,25/09/2026 09:44
cd4b7ae3-25cf-422a-a033-59660b6f6df5,optative.marketing,available,6.98,53.98,medium,low,8,namecheap,,,04/09/2026 16:54
a28f4379-b553-49d6-9723-e629efe85429,cloning.marketing,available,9.99,52.99,high,low,7,name.com,,,24/09/2026 15:52
1e0b78a1-659d-44c0-b8ce-b19e31641a58,tauten.marketing,available,6.98,53.98,medium,low,6,namecheap,,,18/08/2026 05:16
c92c4040-6e41-4a5e-90aa-ea1fd4fc1d08,granville.marketing,available,8.99,41.99,medium,low,9,namesilo,,,27/09/2026 01:40
9bd90e6e-669f-4c7f-957f-539da9794ddc,basely.marketing,available,6.98,53.98,medium,low,6,namecheap,,,13/09/2026 23:35
b1a98b3f-6951-4054-86b9-20848cce61b9,evident.marketing,available,6.98,53.98,high,low,7,namecheap,,,06/08/2026 05:13
9eacbca0-c5e2-4ddc-bb0c-1c354cf75957,hellenic.marketing,available,6.98,53.98,high,low,8,namecheap,,,20/08/2026 17:54
5cef60d6-23dd-49d9-af03-91f0244fdbc7,ramirez.marketing,available,8.99,41.99,medium,low,7,namesilo,,,28/09/2026 08:04
6c0c81e7-3f3c-4f45-bcc0-5f1d3a1e4f6a,entertain.marketing,available,5.66,33.47,high,low,9,porkbun,,,28/09/2026 06:53
109b625f-a192-4a7c-a96a-15ed7b0c51d7,wittgenstein.marketing,available,6.98,53.98,medium,low,12,namecheap,,,29/09/2026 09:48
bfeb7aab-0e50-4313-91df-7fdc9312ceff,tawny.marketing,available,6.98,53.98,high,low,5,namecheap,,,11/09/2026 09:19
3e485fe0-1ae7-4c8c-a7b1-586413e3c4fe,sob.marketing,available,6.98,53.98,high,low,3,namecheap,,,08/08/2026 23:48
c86fe504-4054-4be0-b5ac-af3fa9088e09,packsack.marketing,available,8.99,41.99,medium,low,8,namesilo,,,21/09/2026 14:40
0941102f-057a-4237-bfe1-dd312e6f30a3,mallory.marketing,available,32.2,32.2,high,low,7,cloudflare,,,28/09/2026 04:03
222d3e1b-cd3c-4f28-b3e3-d1a07c1fc111,biform.marketing,available,6.98,53.98,medium,low,6,namecheap,,,09/08/2026 20:07
07e55595-1671-4f83-a3fe-ad834d9c7521,trees.marketing,available,9.99,,high,low,5,name.com,,,
876221ce-db92-4c53-af51-165b4e0661dd,gumbo.marketing,available,8.99,41.99,high,low,5,namesilo,,,16/09/2026 15:04
850112bb-f6d7-4304-a063-98617c7f011a,desirable.marketing,available,6.98,53.98,high,low,9,namecheap,,,14/08/2026 03:47
dda613ad-46f9-486d-8fda-f5a211e64881,spelled.marketing,available,8.99,41.99,low,low,7,namesilo,,,28/09/2026 16:58
7d2a272a-6619-4018-ace2-ea92745ccb82,incidentally.marketing,available,32.2,32.2,medium,low,12,cloudflare,,,28/09/2026 21:17
0b20c8ed-7169-45f9-8e8f-397a6117e88e,alky.marketing,available,6.98,53.98,medium,low,4,namecheap,,,
7e88e182-fd01-4290-a53f-c28ce13f1cc2,accidents.marketing,available,6.41,33.32,medium,low,9,spaceship,,,28/09/2026 05:03
65a52ab8-752b-4c95-b4ea-8f7f6ee8913e,tipsy.marketing,available,6.98,53.98,high,low,5,namecheap,,,11/09/2026 15:38
43b28629-bbb7-40f6-a350-4a168d51bd2f,laziness.marketing,available,8.99,41.99,medium,low,8,namesilo,,,28/09/2026 17:35
f7d89cde-b275-4a37-9719-6aced3a05bdd,scalic.marketing,available,6.98,53.98,medium,low,6,namecheap,,,09/09/2026 22:27
5fb9e77b-aa2e-4887-a6f4-876548a0d6d5,writer.marketing,available,8.99,41.99,high,low,6,namesilo,,,21/09/2026 05:09
95e9538e-86a4-47c8-8290-54ab619e1f18,bentham.marketing,available,6.98,53.98,high,low,7,namecheap,,,23/09/2026 08:40
a97238a0-874b-477e-afac-644f8bb91e5b,coordinator.marketing,available,6.98,53.98,high,low,11,namecheap,,,28/09/2026 21:26
bdf19fe5-f6c4-410d-8da3-a88f1aa2c3c8,bruckner.marketing,available,8.99,41.99,medium,low,8,namesilo,,,19/09/2026 15:26
5a908ed1-8c37-41d5-a1e7-5e82ef608409,miscible.marketing,available,6.98,53.98,medium,low,8,namecheap,,,25/08/2026 01:23
baa63986-8511-4e90-923e-2a033037079b,gaps.marketing,available,8.99,41.99,low,low,4,namesilo,,,20/09/2026 11:47
2af4de13-9edb-40b3-b891-fe1a83a60b6a,experimentally.marketing,available,9.99,,medium,low,14,name.com,,,
b58a6882-fb15-49d9-b440-314c3e9eabd3,blm.marketing,available,8.99,41.99,high,low,3,namesilo,,,29/09/2026 09:47
e78ca420-bb40-43c0-b41b-d49b195da8f7,deemed.marketing,available,32.2,32.2,high,low,6,cloudflare,,,29/09/2026 23:04
9e91c1b7-4c69-462e-af7d-4fad2bc2444e,beefburger.marketing,available,8.99,41.99,medium,low,10,namesilo,,,23/09/2026 01:04
19b65aa0-1060-4636-a9d9-5bc2c868d666,gymnastic.marketing,available,6.98,53.98,high,low,9,namecheap,,,
3d9c039d-7ac4-44ee-9926-61e41f44deba,beatnik.marketing,available,8.99,41.99,high,low,7,namesilo,,,22/09/2026 21:43
2a5b0f1b-29de-453d-846b-633d78208266,algal.marketing,available,6.98,53.98,high,low,5,namecheap,,,
cf97af6f-f3a1-4200-8196-b29c9e15aa0e,trite.marketing,available,6.98,53.98,medium,low,5,namecheap,,,08/08/2026 11:19
05837e8b-d5bf-4471-ad9a-1c363c75d4f8,burt.marketing,available,8.99,41.99,high,low,4,namesilo,,,25/09/2026 03:54
a9c4d251-c4ff-47cc-bae8-469169c5f350,shamanism.marketing,available,8.99,41.99,high,low,9,namesilo,,,20/09/2026 14:05
c316aeea-21cf-4c27-8c94-04bd0531647a,toradol.marketing,available,8.99,41.99,medium,low,7,namesilo,,,17/09/2026 05:31
1f9f1f0f-362e-479c-a59d-866501fcb6cb,finite.marketing,available,6.98,53.98,high,low,6,namecheap,,,18/08/2026 05:02
ca18811e-5e21-4b0e-a085-6fb5bb93a617,dull.marketing,available,8.99,41.99,high,low,4,namesilo,,,23/09/2026 00:25
d806ef86-1100-48c8-b0ca-52aadd245483,heard.marketing,available,8.99,41.99,high,low,5,namesilo,,,24/09/2026 23:38
fcebbe79-454c-4552-a361-27d6a86f7390,essentially.marketing,available,32.2,32.2,medium,low,11,cloudflare,,,28/09/2026 07:07
872dd80c-dd51-49c1-a4d8-8110c7e2fdd4,weaker.marketing,available,6.41,33.32,low,low,6,spaceship,,,29/09/2026 05:14
d1aedff1-881e-4958-91fd-6b0f5fcebb17,voluntarily.marketing,available,9.99,,high,low,11,name.com,,,
8f0472b5-013f-40c6-8aae-913e346b7d28,blankly.marketing,available,6.98,53.98,medium,low,7,namecheap,,,14/09/2026 00:13
1bb734f6-e379-4ddf-8407-fba153f62edf,tiring.marketing,available,6.98,53.98,medium,low,6,namecheap,,,11/09/2026 16:24
3c85e60c-5346-4c85-820f-c03a83a56621,transitive.marketing,available,6.98,53.98,high,low,10,namecheap,,,11/09/2026 18:55
a3492409-c93c-4306-873c-da5c9f9af2e7,prettiest.marketing,available,8.99,41.99,medium,low,9,namesilo,,,18/09/2026 03:32
942ffd78-8dbc-42ac-8009-a038fe4d3244,cakes.marketing,available,8.99,41.99,medium,low,5,namesilo,,,28/09/2026 13:16
68da0aa4-7428-46be-91cd-0e5628c6ce39,middlesex.marketing,available,8.99,41.99,medium,low,9,namesilo,,,25/09/2026 13:32
63d5741a-c5f2-4a97-ac5f-6454c0ee4e2f,auteur.marketing,available,6.98,53.98,high,low,6,namecheap,,,21/09/2026 05:06
3a3a92f3-7750-452a-8e82-e6b6bf0e8725,maps.marketing,available,6.98,53.98,high,low,4,namecheap,,,
edec4aac-4022-4054-9424-5c9e657af25c,usual.marketing,available,6.98,53.98,high,low,5,namecheap,,,28/09/2026 10:03
5867e994-c554-4d28-9dc4-3de407fbd898,felicity.marketing,available,8.99,41.99,high,low,8,namesilo,,,29/09/2026 12:15
56ed11be-6f12-48bf-a432-d501542f6354,mischief.marketing,available,8.99,41.99,high,low,8,namesilo,,,21/09/2026 21:54
8d4b4cf1-a4ec-4a72-b9be-ef5a394e9e30,untouched.marketing,available,6.98,53.98,high,low,9,namecheap,,,12/09/2026 13:20
103ff8c5-09f7-4546-918e-fd10fee65a1a,fitzroy.marketing,available,6.41,33.32,medium,low,7,spaceship,,,28/09/2026 23:19
60011265-2718-458f-a807-03f4f21bc91d,grungy.marketing,available,6.98,53.98,low,low,6,namecheap,,,09/08/2026 09:36
44698db4-6ea0-42ed-a646-5c9e3961fd89,addams.marketing,available,5.66,33.47,medium,low,6,porkbun,,,29/09/2026 23:22
709714ba-4692-4fda-af89-6ca24bad7124,trashy.marketing,available,6.98,53.98,medium,low,6,namecheap,,,18/08/2026 06:44
a49045ae-3240-4480-80e9-50b8b3c2838a,among.marketing,available,9.99,,medium,low,5,name.com,,,
94c51b26-0b1e-40ca-8c35-1021ff3eb9f6,earthly.marketing,available,6.98,53.98,high,low,7,namecheap,,,14/08/2026 22:42
2436e32c-cbf0-4a84-8928-40e964eb8aed,acerbity.marketing,available,8.99,41.99,medium,low,8,namesilo,,,16/09/2026 23:41
642b187e-0a70-43bd-b14a-8ae31456880c,quitting.marketing,available,6.98,53.98,medium,low,8,namecheap,,,17/09/2026 01:45
87d9671b-7a7d-49ab-905f-ffaf6cc8d273,vindictive.marketing,available,6.98,53.98,medium,low,10,namecheap,,,14/08/2026 04:21
784206f5-5f1f-4533-be4e-b430f6f7b8be,useless.marketing,available,8.99,41.99,medium,low,7,namesilo,,,28/09/2026 10:02
5c01e8d9-a66d-4ea2-a096-440e546d8200,deafening.marketing,available,9.99,52.99,medium,low,9,name.com,,,13/08/2026 19:54
3d1a3a13-1bdb-4ef8-98e8-112abc04c09c,reflexion.marketing,available,6.98,53.98,high,low,9,namecheap,,,03/09/2026 11:28
984242a9-2a1b-47f4-bfb1-18fac246aa6e,shaun.marketing,available,8.99,41.99,medium,low,5,namesilo,,,29/09/2026 03:45
4c8a6ec7-c1ca-4cfa-86f4-2baa2b0d7651,violate.marketing,available,8.99,41.99,medium,low,7,namesilo,,,28/09/2026 13:36
06ee8d3a-078e-4375-8906-1aacd0c9c30c,markoff.marketing,available,8.99,41.99,medium,low,7,namesilo,,,19/09/2026 04:18
daa1285f-4a75-4dfd-9040-46b1674d7411,slantwise.marketing,available,6.98,53.98,medium,low,9,namecheap,,,16/09/2026 02:22
d3e36248-78f9-48d5-a41a-d6d77743acee,lille.marketing,available,32.2,32.2,high,low,5,cloudflare,,,28/09/2026 06:10
aa570106-c1e5-4aa5-a632-32efbbbb3eb8,evolutionary.marketing,available,5.66,33.47,high,low,12,porkbun,,,29/09/2026 10:23
df8aba62-1390-415f-a30f-e99175b0eecf,eden.marketing,resell,,,high,medium,4,,,,28/09/2026 13:57
cbbc3e2c-9057-4066-8fb7-ea76e2a2f1f9,adynamic.marketing,available,6.98,53.98,medium,low,8,namecheap,,,
2805494f-d023-45f5-acc4-706ae636d919,awn.marketing,available,8.99,41.99,high,low,3,namesilo,,,21/09/2026 10:11
fffd3052-3887-4a8b-b854-915c95085fb8,alpine.marketing,available,,,high,medium,6,,,,
11d2b0bf-46cf-4309-b98e-e482dfd4e143,devotedly.marketing,available,6.98,53.98,medium,low,9,namecheap,,,14/09/2026 12:28
04d8e3b3-5e9d-43c6-b71d-68665e44f3a7,comfy.marketing,available,8.99,41.99,high,low,5,namesilo,,,23/09/2026 15:10
586dc369-8c39-410a-bff9-e13da502819c,generals.marketing,available,6.98,53.98,medium,low,8,namecheap,,,18/09/2026 06:44
d8ad661f-f18c-40a7-a7bc-c835128c361c,tinned.marketing,available,6.98,53.98,medium,low,6,namecheap,,,11/09/2026 16:17
fc702a28-55e6-4f22-9a6a-df1e36f699c1,soberly.marketing,available,6.98,53.98,medium,low,7,namecheap,,,14/09/2026 22:10
c6ae8485-2442-4679-b99f-c7eb769e22aa,controls.marketing,available,5.57,34.46,medium,low,8,dynadot,,,27/09/2026 23:26
deac4364-a04b-412e-b975-b30f4092c1af,nosed.marketing,available,6.98,53.98,medium,low,5,namecheap,,,03/09/2026 21:45
ef8f149e-1d7f-4e3e-937d-9ccededcc228,conspicuous.marketing,available,8.99,41.99,medium,low,11,namesilo,,,29/09/2026 03:02
47278c2f-b9a1-4d81-a6d9-20fdf6787447,surname.marketing,available,6.41,33.32,high,low,7,spaceship,,,29/09/2026 06:51
c67c26ca-07f0-450a-b37d-bdda664fe729,emerged.marketing,available,6.41,33.32,medium,low,7,spaceship,,,29/09/2026 16:31
27e916eb-c1ca-4899-a7ac-a2807b5e5dad,leone.marketing,available,32.2,32.2,high,low,5,cloudflare,,,29/09/2026 19:32
b3a5173e-2866-4b00-af51-1c38fd9ee8a4,amaretto.marketing,available,8.99,41.99,high,low,8,namesilo,,,18/09/2026 15:58
247b6561-4776-4499-bae8-da9f4e25d0b6,raiding.marketing,available,6.98,53.98,medium,low,7,namecheap,,,24/08/2026 15:45
43949559-fb37-4808-a14f-2032c37844a0,neutered.marketing,available,6.98,53.98,medium,low,8,namecheap,,,03/09/2026 16:35
184e094f-9e9c-460a-82c0-d331699027a7,feetfirst.marketing,available,6.98,53.98,medium,low,9,namecheap,,,14/09/2026 18:20
9a97035a-030d-46ae-bf7f-cc0e013d815b,isomers.marketing,available,5.66,33.47,medium,low,7,porkbun,,,29/09/2026 11:02
e1a01dc4-5aa0-4cc0-a133-6979f835a444,memorial.marketing,premium,260,260,high,low,8,namecheap,,,27/09/2026 14:53
dadb051e-508c-4c2d-b878-f118208f7125,unloose.marketing,available,6.98,53.98,medium,low,7,namecheap,,,18/08/2026 14:34
36119871-40b5-4349-87cc-fc84186ae7a2,sunglasses.marketing,available,6.41,33.32,high,low,10,spaceship,,,29/09/2026 06:30
e7cd3e61-4bfe-454b-b201-414c59666370,navarino.marketing,available,8.99,41.99,medium,low,8,namesilo,,,22/09/2026 15:32
48fa9789-96ee-44a2-a65f-aaa9cff47c2e,carsick.marketing,available,6.98,53.98,medium,low,7,namecheap,,,
62b3e58b-dda7-4fe4-b29a-0e07022091a1,hardback.marketing,available,6.98,53.98,medium,low,8,namecheap,,,21/08/2026 00:40
1bd20c97-03c9-4692-9c02-9d8f8150d7a7,flexing.marketing,available,9.99,,high,low,7,name.com,,,
1e933d50-b9d7-4d03-b1a3-25d33b4348c9,incan.marketing,available,6.98,53.98,medium,low,5,namecheap,,,22/08/2026 00:44
b7f46e4a-f3a7-4efd-858f-c7bacf15513b,illuminate.marketing,available,6.98,53.98,high,low,10,namecheap,,,23/08/2026 02:47
07ff2a6f-c74c-4794-9327-c913d4a4d6c9,abetter.marketing,available,6.98,53.98,medium,low,7,namecheap,,,16/09/2026 15:19
ae3da106-25c9-4718-8bd4-f6c44abe4f4e,tuesday.marketing,available,6.98,53.98,high,low,7,namecheap,,,25/09/2026 14:59
4fd5ed34-2786-4334-b747-ca78e0853ed9,alleged.marketing,available,8.99,41.99,high,low,7,namesilo,,,22/09/2026 01:19
9c62c655-dcba-4120-8f0a-f1fd05de4764,emory.marketing,available,8.99,41.99,high,low,5,namesilo,,,29/09/2026 15:34
00653663-a152-4b52-88ad-823800d04991,tianjin.marketing,available,6.98,53.98,medium,low,7,namecheap,,,29/09/2026 02:17
e532c18a-12fb-4d60-8cce-0c617740097a,paved.marketing,available,6.98,53.98,high,low,5,namecheap,,,08/09/2026 10:53
802aec3d-d1d2-48e8-b728-44cf8e31011c,photograph.marketing,available,8.99,41.99,high,low,10,namesilo,,,26/09/2026 00:03
62cc955b-09be-43a5-89f6-5a46d455086d,impotent.marketing,available,6.98,53.98,medium,low,8,namecheap,,,21/08/2026 22:52
4c33aeb1-61e5-4370-b2e3-0e0204e4ccfc,alimentary.marketing,available,6.98,53.98,medium,low,10,namecheap,,,
53f02258-3030-4907-8afc-bc6171251cf3,order.marketing,available,6.98,53.98,high,medium,5,namecheap,,,23/09/2026 20:44
3be087ed-486b-4f53-a11e-ffffc09cfef2,nigerian.marketing,available,6.98,53.98,high,low,8,namecheap,,,03/09/2026 17:12
8380b95b-411d-492a-8cef-aafa74bb4ca9,ignoble.marketing,available,6.98,53.98,medium,low,7,namecheap,,,21/08/2026 18:23
3c436694-aa63-4967-b67e-64c0bfcde6fe,decorous.marketing,available,6.98,53.98,high,low,8,namecheap,,,09/08/2026 06:21
39407411-0462-4457-8dfb-30de5462725e,hydropower.marketing,available,8.99,41.99,high,low,10,namesilo,,,29/09/2026 10:23
0ee468a2-c624-4853-bd87-c5c98e15b76b,ano.marketing,available,8.99,41.99,high,low,3,namesilo,,,16/09/2026 18:45
20e0d969-a888-4d48-b12d-8c67023d23cb,palo.marketing,available,6.98,53.98,medium,low,4,namecheap,,,27/09/2026 01:51
5fbb9c8f-833d-481b-b9a6-d08f9bdc5d8c,grantham.marketing,available,32.2,32.2,medium,low,8,cloudflare,,,30/09/2026 00:07
c08a8cb7-0f94-496b-9a81-68368c0df372,bumps.marketing,available,8.99,41.99,medium,low,5,namesilo,,,30/09/2026 00:29
de0941c7-dc4e-45ef-8122-61fa22d31708,aspirations.marketing,available,6.98,53.98,medium,low,11,namecheap,,,29/09/2026 23:55
d0475c4a-f478-4040-8b11-a3ab67d50062,ironed.marketing,available,6.98,53.98,high,low,6,namecheap,,,22/08/2026 10:04
384d0df3-aec1-4d1a-9a33-9c51a3ddcd2a,mantra.marketing,resell,,,high,low,6,Dynadot Inc,22/11/2020 14:19,22/11/2026 14:19,26/09/2026 07:25
67615bdb-9fa0-4a22-b63a-bcc03b529b1b,vernon.marketing,available,8.99,41.99,high,low,6,namesilo,,,28/09/2026 15:42
ed9d5c26-680f-4a41-952c-aae81b97d7de,extinction.marketing,available,6.41,33.32,high,low,10,spaceship,,,29/09/2026 13:38
310cc0a2-aa08-41c1-9789-141eeda2be1f,warning.marketing,available,6.98,53.98,high,low,7,namecheap,,,13/09/2026 08:25
86145304-678b-4d83-816b-2f1f750b05de,oviparous.marketing,available,6.98,53.98,medium,low,9,namecheap,,,04/09/2026 22:09
3b3aa544-9efc-4327-99a7-38b4877dbf9c,backbone.marketing,available,6.98,53.98,high,low,9,namecheap,,,21/09/2026 15:14
6c5e5457-abe3-417d-983e-c94a73e3fdce,olson.marketing,available,8.99,41.99,medium,low,5,namesilo,,,27/09/2026 01:46
7d81d60e-1d5a-4f91-ae1b-3d00c0a40380,democrats.marketing,available,32.2,32.2,high,low,9,cloudflare,,,30/09/2026 00:47
382491e4-c0e9-4d51-86fc-65ec384ecdcc,performance.marketing,resell,,,high,low,11,"Spaceship, Inc.",30/06/2021 08:20,30/06/2027 08:20,26/09/2026 08:06
c7e2e29f-4eb7-4f97-8669-eeed4c7792c8,powers.marketing,available,9.99,,high,low,6,name.com,,,
cb492273-3087-4678-926f-169633c1f353,unheaded.marketing,available,6.98,53.98,medium,low,8,namecheap,,,12/09/2026 12:06
9e4ec2e2-bc11-4b07-891d-5560bf927450,prostate.marketing,available,6.98,53.98,high,low,8,namecheap,,,09/09/2026 03:47
7fbc778f-b9a8-480a-9d9a-5ee3c2cd49e7,mill.marketing,available,32.2,32.2,high,low,4,cloudflare,,,29/09/2026 18:53
0aca24d6-efa7-471c-8c4b-baf8dcdc3423,detectives.marketing,available,6.41,33.32,medium,low,10,spaceship,,,28/09/2026 05:09
45e977c3-ec13-4a64-8bee-774eda896c7a,dealers.marketing,available,5.66,33.47,medium,low,7,porkbun,,,28/09/2026 09:08
d3ba76ac-0f70-420a-a70b-aa8548aa6fa0,waker.marketing,available,8.99,41.99,medium,low,5,namesilo,,,20/09/2026 08:31
ac73bf04-2d1a-457d-a4b9-eda498656023,linnean.marketing,available,6.98,53.98,medium,low,7,namecheap,,,23/08/2026 17:24
a4edbfe8-3118-4daa-a2a3-4039c19284d8,beady.marketing,available,6.98,53.98,medium,low,5,namecheap,,,09/08/2026 03:23
8a79811f-4ada-4941-ad46-1c42d3c1fb08,radiantly.marketing,available,6.98,53.98,medium,low,9,namecheap,,,15/09/2026 22:18
516da874-632a-4574-b36a-5de40bbef5e3,elastic.marketing,available,6.98,53.98,high,low,7,namecheap,,,16/08/2026 00:43
2752c382-13a8-494f-a747-8c2e68ee9c4d,reviewing.marketing,available,32.2,32.2,high,low,9,cloudflare,,,29/09/2026 08:58
65162591-ed29-4507-bc62-af05404148a4,knobby.marketing,available,6.98,53.98,medium,low,6,namecheap,,,22/08/2026 16:29
3e068fa7-dc76-457a-972a-3aaadde98b12,collar.marketing,available,8.99,41.99,high,low,6,namesilo,,,20/09/2026 09:02
57807b95-ec3c-464f-adaf-a82c077e7ed6,dickinson.marketing,available,8.99,41.99,high,low,9,namesilo,,,25/09/2026 04:53
98b14194-3a4c-4d15-ad6c-7e76a16e1d48,rosalie.marketing,available,6.41,33.32,high,low,7,spaceship,,,29/09/2026 09:42
0e005ea7-3c0b-4a94-8dec-65a3e554d41e,etcetera.marketing,available,6.98,53.98,high,low,8,namecheap,,,13/09/2026 19:52
01adbae9-f55d-43e5-9983-37214358c5de,taut.marketing,available,6.98,53.98,high,low,4,namecheap,,,11/09/2026 09:17
091be53c-22be-4a00-93ca-7ede7d427329,belem.marketing,available,8.99,41.99,medium,low,5,namesilo,,,23/09/2026 04:51
9d0e5dba-6a49-40bc-a723-1000e990e375,mods.marketing,available,9.99,,high,low,4,name.com,,,
9cbd6b88-2cbe-4651-a48e-94b527b373a3,parabolic.marketing,available,6.98,53.98,high,medium,9,namecheap,,,05/09/2026 01:45
686d058d-6d64-49e9-94a4-c859051a82b2,squashed.marketing,available,6.98,53.98,medium,low,8,namecheap,,,10/09/2026 17:31
d69a03f9-2050-42e5-a0b2-9f2b3e5e2a8c,abi.marketing,available,6.41,33.32,high,low,3,spaceship,,,29/09/2026 03:38
23a22509-87b6-44ef-9257-3f2d758daa3c,grenville.marketing,available,6.41,33.32,medium,low,9,spaceship,,,29/09/2026 04:31
cd24bb60-b4de-4abc-a7c3-b87e7a1f6f0d,whom.marketing,available,9.99,,medium,low,4,name.com,,,
31a0dd4d-d028-4002-bf2b-8d86c8bf0fc5,maverick.marketing,resell,,,high,low,8,Squarespace Domains II LLC,11/08/2021 08:22,11/08/2028 08:22,26/09/2026 07:28
22b8740d-6f0c-413e-a380-a68b111c9192,antigenic.marketing,available,6.98,53.98,medium,low,9,namecheap,,,
d3296f7f-a029-43e3-9d4a-29a8dfdc5aa9,beckley.marketing,available,8.99,41.99,medium,low,7,namesilo,,,22/09/2026 22:43
52a1d58f-57be-4b61-a9f7-c2da57c6209f,edental.marketing,available,6.98,53.98,medium,low,7,namecheap,,,08/09/2026 15:42
c128e963-41a8-45c0-ba95-8edcc54caecd,waking.marketing,available,6.98,53.98,high,low,6,namecheap,,,13/09/2026 07:47
20eeb209-e0d8-4a4d-a47b-739e6031d2fe,galveston.marketing,available,9.99,52.99,high,low,9,name.com,,,27/09/2026 04:07
840019d8-d583-4e72-aa1a-5cab57a473d8,aural.marketing,available,8.99,41.99,high,low,5,namesilo,,,22/09/2026 12:49
9c6aa049-2d14-4330-879f-ca35b0044a1b,onions.marketing,available,9.99,,high,low,6,name.com,,,
56d9dfc0-e8e1-4905-8c4a-5d6373466f79,calhoun.marketing,available,8.99,41.99,medium,low,7,namesilo,,,27/09/2026 03:19
b2e26460-d800-43e5-9fdb-ec0765ab2b83,jazz.marketing,resell,,,high,low,4,"Sav.com, LLC - 5",28/04/2026 15:16,28/04/2027 15:16,29/09/2026 20:07
8fc4193f-d909-4e65-afeb-aa02cede7a0d,drain.marketing,available,6.98,53.98,high,low,5,namecheap,,,24/09/2026 23:49
aa9fe34b-5741-4c18-abfa-a31b43a4dec8,apartments.marketing,premium,128.7,128.7,medium,low,10,namecheap,,,19/09/2026 20:12
4c6ce205-ac93-4acc-8d8c-500a5d8dc739,pray.marketing,available,9.99,,high,low,4,name.com,,,
73179f47-0655-4c54-b0d5-4369fc61f5d3,radios.marketing,available,8.99,41.99,medium,low,6,namesilo,,,18/09/2026 23:09
4e0b626f-5134-4eaf-9298-6168e71d23b8,cage.marketing,available,8.99,41.99,high,low,4,namesilo,,,22/09/2026 14:36
9562cd20-b5f3-4365-b863-67a6679ee783,patrician.marketing,available,6.98,53.98,medium,low,9,namecheap,,,06/08/2026 19:34
0bd5ae91-9474-40e6-86db-0befb0dbab60,spindles.marketing,available,6.98,53.98,medium,low,8,namecheap,,,30/09/2026 00:48
5404e5ec-5f64-4fe5-af54-6e2e7dbb2553,imagination.marketing,resell,,,high,low,11,Dynadot Inc,22/01/2026 17:00,22/01/2027 17:00,26/09/2026 06:48
72a3a3e4-6e1b-4d01-be04-adf2e64a2004,reticular.marketing,available,6.98,53.98,medium,low,9,namecheap,,,09/09/2026 15:34
34c5787b-a9f4-4ac3-9ef3-ec4566b4386d,reversible.marketing,available,32.2,32.2,high,low,10,cloudflare,,,27/09/2026 14:17
0ab9a67e-d852-4be9-8365-5a159de1049b,definable.marketing,available,6.98,53.98,medium,low,9,namecheap,,,13/08/2026 23:28
47356ee0-5fbe-4f14-b7d0-e2a1067ed256,pigs.marketing,available,8.99,41.99,high,low,4,namesilo,,,25/09/2026 15:51
295515de-59a3-416c-9edb-905b01390184,fagged.marketing,available,6.98,53.98,low,low,6,namecheap,,,14/08/2026 14:47
19d0ad0e-2b3d-422b-b7d1-d4583de2559d,topic.marketing,available,32.2,32.2,high,low,5,cloudflare,,,28/09/2026 01:44
c56e8d4b-78a9-42be-93b6-caee37eb0b7c,twiggy.marketing,available,6.98,53.98,high,low,6,namecheap,,,11/09/2026 21:34
87596911-eec2-4f5e-beb4-8fa15f89ec8d,stoutness.marketing,available,6.98,53.98,medium,low,9,namecheap,,,04/09/2026 22:03
92101c2e-92fb-4681-bb0a-110a5e8036ea,positron.marketing,available,8.99,41.99,high,low,8,namesilo,,,19/09/2026 14:21
38ff686b-3f7b-4e88-af7a-1e53896b8b39,roadless.marketing,available,6.98,53.98,medium,low,8,namecheap,,,08/09/2026 10:27
e9a1d410-29b2-425c-9690-d4d99541c5a6,almost.marketing,available,6.98,53.98,high,low,6,namecheap,,,28/09/2026 11:54
9e371e60-2a1e-4f6b-9243-dd7977ca0fac,fulgurant.marketing,available,9.99,52.99,medium,low,9,name.com,,,13/08/2026 18:59
7248effc-bc5c-4633-b8b4-d861b81ce3ae,synchronic.marketing,available,6.98,53.98,medium,low,10,namecheap,,,11/09/2026 06:15
35b47631-8c91-46fe-a179-5a8e82b6eb79,ashtoreth.marketing,available,8.99,41.99,medium,low,9,namesilo,,,20/09/2026 14:02
5f358123-d7a1-40ec-b0df-a12ac2d277f4,tub.marketing,available,32.2,32.2,high,low,3,cloudflare,,,29/09/2026 01:33
67558618-b455-4029-9215-710bf9106c68,offerings.marketing,available,6.98,53.98,medium,low,9,namecheap,,,18/09/2026 10:39
12c57727-70ac-43f3-9d94-e1d43b507190,anorexia.marketing,available,6.98,53.98,medium,low,8,namecheap,,,19/09/2026 11:46
5e798f3a-70da-4dcb-b4bb-498154477fa0,scripts.marketing,available,8.99,41.99,medium,low,7,namesilo,,,29/09/2026 05:41
e48c770e-4e94-4212-bf41-6615aa319417,louie.marketing,available,6.98,53.98,high,low,5,namecheap,,,28/09/2026 11:43
d514712d-0d63-4824-9ede-afefa7ac8a45,sacrifice.marketing,available,8.99,41.99,high,low,9,namesilo,,,25/09/2026 10:25
ea764aea-f3bb-407a-9d5e-b08f3050a4f0,civilians.marketing,available,6.41,33.32,medium,low,9,spaceship,,,28/09/2026 05:06
1aa858d4-e676-46f0-a27c-f48d8260d51b,volunteer.marketing,available,6.98,53.98,high,low,9,namecheap,,,13/09/2026 07:13
c879ffb7-0540-45c5-bde7-d58e4eca01ba,mandelbrot.marketing,available,8.99,41.99,medium,low,10,namesilo,,,23/09/2026 08:35
62f40399-a6fb-41e2-8775-c1ede1c386ad,iatrogenic.marketing,available,6.98,53.98,medium,low,10,namecheap,,,21/08/2026 17:30
a22bb210-a0bc-4b81-b32d-8d63fdbda25f,optimally.marketing,available,6.98,53.98,medium,low,9,namecheap,,,15/09/2026 18:05
81870661-a1b2-41de-8686-20240daf435c,bothering.marketing,available,6.98,53.98,medium,low,9,namecheap,,,29/09/2026 21:27
c3a47a5f-5693-45cc-a918-1ea3b30c2f4a,reviving.marketing,available,6.98,53.98,high,low,8,namecheap,,,09/09/2026 14:08
802fd452-e907-4507-818d-334d133979ca,axilla.marketing,available,8.99,41.99,medium,low,6,namesilo,,,20/09/2026 07:40
19f35bdb-ac5c-467a-8844-f5acdc5e6f7b,elise.marketing,available,6.41,33.32,medium,low,5,spaceship,,,28/09/2026 21:52
49d473b4-2999-4acc-8b81-bd111b2804e8,succulent.marketing,available,6.98,53.98,high,low,9,namecheap,,,11/09/2026 00:58
5abdced8-043f-4f65-8ff3-191d4b5a5611,gage.marketing,available,6.98,53.98,high,low,4,namecheap,,,18/08/2026 19:51
5523e406-7cb0-405b-bf74-817106a7f4df,confirm.marketing,available,8.99,41.99,high,low,7,namesilo,,,27/09/2026 05:57
da039952-7c9b-4469-8f78-22361c1037a5,wwf.marketing,available,6.98,53.98,high,low,3,namecheap,,,29/09/2026 15:10
db1ad6cd-0a59-48bb-919c-9d06c52c480d,traduce.marketing,available,6.98,53.98,medium,low,7,namecheap,,,24/08/2026 14:06
4d1d7161-a802-4d71-a6d5-35081001a29f,nudity.marketing,available,8.99,41.99,medium,low,6,namesilo,,,30/09/2026 02:22
a0b59b51-a50a-4511-8e70-3f3ad1cdd479,endoergic.marketing,available,6.98,53.98,medium,low,9,namecheap,,,17/08/2026 01:08
9b2363b3-2e34-48cb-9e61-7046b570d3a7,regret.marketing,available,9.99,,high,low,6,name.com,,,
0457806f-4a0a-416a-8cb8-cf8807505772,marguerite.marketing,available,6.98,53.98,high,low,10,namecheap,,,20/09/2026 04:58
0ce2c46f-2504-4c23-bda2-0e921aca9bcd,albumen.marketing,available,9.99,52.99,high,low,7,name.com,,,18/09/2026 03:31
388a6223-68da-40e9-84c0-c80e66551a9e,cupric.marketing,available,6.98,53.98,medium,low,6,namecheap,,,13/08/2026 10:49
6c9deb00-bee8-45ce-9007-49f6450e30aa,vigo.marketing,available,8.99,41.99,medium,low,4,namesilo,,,29/09/2026 15:42
fde83fdb-4b9f-4a8d-85c7-97145bafe1e1,biplane.marketing,available,6.98,53.98,high,low,7,namecheap,,,23/09/2026 19:18
3dde899b-187b-4f1c-bb8b-b0fb0658eb7c,bernie.marketing,available,8.99,41.99,medium,low,6,namesilo,,,27/09/2026 10:13
176a3c1b-ffe2-4be6-ba63-6bbcab885189,mortgage.marketing,resell,,,high,low,8,,,,28/09/2026 06:56
8722d4c8-2eea-4464-a8e5-74d218910199,pudding.marketing,available,6.41,33.32,high,low,7,spaceship,,,28/09/2026 15:09
12d096a7-7253-4eb2-b9c6-0df66129e165,crowns.marketing,available,8.99,41.99,medium,low,6,namesilo,,,18/09/2026 06:26
dd51866c-7780-40dd-bd34-9e90824a21ef,alluring.marketing,available,8.99,41.99,high,low,8,namesilo,,,22/09/2026 01:34
2b925a85-ad21-4cd6-8f78-c0ac6f149bcc,naples.marketing,resell,,,medium,low,6,,,,29/09/2026 07:39
09200675-726a-4e07-aae1-7ebc3434ee59,corridor.marketing,available,32.2,32.2,high,low,8,cloudflare,,,29/09/2026 11:39
684a7bbb-4fda-4e18-a4dc-ee5f9e0860d5,xxvii.marketing,available,6.98,53.98,medium,low,5,namecheap,,,
8b9fd131-7a0f-4d6c-b533-8b1845b9d648,riggs.marketing,available,32.2,32.2,medium,low,5,cloudflare,,,28/09/2026 08:07
218d3758-db02-40df-b992-5b910830ec5e,spilled.marketing,available,8.99,41.99,low,low,7,namesilo,,,28/09/2026 23:49
bc2a0b65-a7d5-45bc-905b-ce01abe16346,downright.marketing,available,6.98,53.98,high,low,9,namecheap,,,14/08/2026 17:50
1f603484-efe3-4470-9b12-a3fae6abc1ec,achaea.marketing,available,8.99,41.99,medium,low,6,namesilo,,,17/09/2026 00:27
7b627613-b215-4e20-a6ac-8247bcf39caf,telugu.marketing,available,6.41,33.32,high,low,6,spaceship,,,29/09/2026 20:30
1c3591b8-ecd2-4d15-a78c-45bdc8a85409,afterbirth.marketing,available,8.99,41.99,medium,low,10,namesilo,,,17/09/2026 15:34
d64b31b1-4c38-4fdf-acbd-f3ff7ff48aa7,dinosaurs.marketing,available,8.99,41.99,high,low,9,namesilo,,,29/09/2026 11:13
4397dbdf-e74a-4942-8a98-3b9136b96f41,stocky.marketing,available,6.98,53.98,medium,low,6,namecheap,,,21/08/2026 05:33
fa939490-f7f7-4b8b-995d-19fbeb0a33c8,overbold.marketing,available,6.98,53.98,medium,low,8,namecheap,,,04/09/2026 20:21
ecd1d7de-5ac0-4c83-93ec-74708b2b9204,southeast.marketing,available,6.41,33.32,low,low,10,spaceship,,,28/09/2026 08:19
3b58a8ba-f34d-40fb-a6be-908f122d6054,introspection.marketing,available,8.99,41.99,high,low,13,namesilo,,,17/09/2026 06:54
627e156d-1728-4c04-97aa-2db4c44e613f,barbarian.marketing,available,6.98,53.98,high,low,9,namecheap,,,08/08/2026 15:26
38bd73c9-6385-4c1e-b8c2-84919338859b,seaweed.marketing,available,8.99,41.99,high,low,7,namesilo,,,30/09/2026 02:49
079af6e7-2689-4f74-88ef-350a991e7076,athabascan.marketing,available,6.98,53.98,medium,low,10,namecheap,,,20/09/2026 20:23
b81266a4-bf3a-48b3-970b-ad2b92e2f1b1,yankee.marketing,available,6.98,53.98,high,low,6,namecheap,,,13/09/2026 14:12
f243eb7e-ec42-4f3e-8318-d4178359af0a,stretchout.marketing,available,8.99,41.99,medium,low,11,namesilo,,,17/09/2026 05:03
2b370351-d005-4654-83b1-42c65fb68361,magazine.marketing,premium,128.7,128.7,high,low,8,namecheap,,,25/09/2026 04:04
2d2cd1b8-2afe-43c3-8e02-44e57849414d,lengthy.marketing,available,6.98,53.98,medium,low,7,namecheap,,,14/08/2026 18:32
75c110cd-b1e6-49dd-b9e0-a422b94d8f77,celebration.marketing,available,6.98,53.98,high,low,11,namecheap,,,27/09/2026 02:20
1b454e7e-266c-4a17-86af-7aa30067f11b,anathemise.marketing,available,9.99,52.99,low,low,10,name.com,,,13/08/2026 16:25
cee76c13-75ff-459a-a250-85180a0a9bf8,customary.marketing,available,9.99,52.99,high,low,9,name.com,,,13/08/2026 12:29
312ff15c-9771-42df-93f1-a321f4a78d85,yobo.marketing,available,6.98,53.98,medium,low,4,namecheap,,,11/08/2026 08:48
0f73a380-af43-4572-8e50-d6a9238690c5,newfound.marketing,available,6.98,53.98,medium,low,9,namecheap,,,08/09/2026 04:48
e2e6aaff-e67d-42a5-b138-fe4e7c037228,macrophages.marketing,available,6.41,33.32,low,low,11,spaceship,,,28/09/2026 13:24
6afa9ff2-0d44-4257-8d69-9a433680ebb0,structurally.marketing,available,6.98,53.98,medium,low,12,namecheap,,,17/09/2026 20:10
4f28355b-a7d1-4d16-891e-cd9e0df40775,enmeshed.marketing,available,6.98,53.98,medium,low,8,namecheap,,,17/08/2026 09:39
a94b0e8c-43c0-41c3-a928-34a54132cc86,clive.marketing,available,9.99,52.99,high,low,5,name.com,,,22/09/2026 07:05
8b197f4e-d556-405f-96c5-d60d2fa82a79,pak.marketing,available,8.99,41.99,high,low,3,namesilo,,,28/09/2026 03:33
1dd284ed-bb6f-48be-8244-a53774092744,tyrone.marketing,available,6.41,33.32,high,low,6,spaceship,,,29/09/2026 20:57
17c506e6-1ad1-496a-985c-6b2856598401,than.marketing,available,9.99,,high,low,4,name.com,,,
0145a0f6-a26f-4217-8713-02bbb0ca5240,rangy.marketing,available,6.98,53.98,medium,low,5,namecheap,,,18/08/2026 20:13
cb53c161-e845-410c-a1f7-e5db5175b3ff,balanitis.marketing,available,6.98,53.98,medium,low,9,namecheap,,,21/09/2026 21:01
e4eb645c-fe1f-4272-8683-1fc70697bc5d,deictic.marketing,available,6.98,53.98,medium,low,7,namecheap,,,14/08/2026 00:12
242096b2-990f-404b-8eab-cd93e820d5ec,baptism.marketing,available,6.98,53.98,high,low,7,namecheap,,,22/09/2026 03:27
95f4719b-a772-4d7f-b733-1900d4df727f,shapely.marketing,available,6.98,53.98,high,low,7,namecheap,,,10/09/2026 05:57
2239b253-c49c-494b-ab5c-925a2982a9e7,queenly.marketing,available,6.98,53.98,high,low,7,namecheap,,,09/09/2026 07:52
b58b8672-ef79-4b9c-a7dc-8e1464d810a7,rivera.marketing,available,8.99,41.99,high,low,6,namesilo,,,25/09/2026 04:54
83f21f75-7542-4d20-8391-d523f8afd264,phs.marketing,available,8.99,41.99,medium,low,3,namesilo,,,30/09/2026 02:29
ce0cc26a-8dc2-4a7f-9cb5-b78666746a0c,caddish.marketing,available,6.98,53.98,medium,low,7,namecheap,,,11/08/2026 12:43
7335507e-ef80-4c06-82d4-b3922da552cd,burden.marketing,available,32.2,32.2,medium,low,6,cloudflare,,,29/09/2026 05:26
b3a4054d-19c6-4163-9eb0-d5ab2a18330b,keaton.marketing,available,5.57,34.46,medium,low,6,dynadot,,,30/09/2026 00:55
bf1f3126-99d6-4b40-a996-60e9ef47f93f,homozygous.marketing,available,6.98,53.98,medium,low,10,namecheap,,,21/08/2026 13:12
e000d94b-176a-4306-bc01-4ca2b3413329,puglia.marketing,available,8.99,41.99,high,low,6,namesilo,,,19/09/2026 22:41
2221fdc9-b1e1-486c-86d1-d3db35262377,onomastic.marketing,available,6.98,53.98,medium,low,9,namecheap,,,04/09/2026 15:15
b3cb5326-65a9-4a21-849b-621ff5bba737,chaldea.marketing,available,8.99,41.99,medium,low,7,namesilo,,,21/09/2026 13:52
b3fb044e-a5bc-4965-b0da-886e8bcf75e9,darkening.marketing,available,9.99,52.99,medium,low,9,name.com,,,13/08/2026 18:10
98645030-eaf3-4561-a02f-42e041c9fbfc,hittite.marketing,available,6.98,53.98,medium,low,7,namecheap,,,21/08/2026 10:00
644bff7e-c167-455b-b610-eac76c224968,grisly.marketing,available,6.98,53.98,medium,low,6,namecheap,,,18/08/2026 23:15
01b1dd59-1c53-46fe-97ab-8409f2704632,mouthfeel.marketing,available,9.99,,medium,low,10,name.com,,,
205d6664-a40b-4abe-bb91-9a7a226beb8c,peopled.marketing,available,6.98,53.98,medium,low,7,namecheap,,,08/09/2026 15:32
d6b14c34-8f9b-4294-9413-2849a7a3faa6,attosecond.marketing,available,8.99,41.99,medium,low,10,namesilo,,,21/09/2026 02:11
cd7a892b-97cd-4080-95a6-e5df84b74b00,clamp.marketing,available,8.99,41.99,medium,low,5,namesilo,,,24/09/2026 15:19
ad1eacd0-ebba-46f2-a145-878abd2a3332,baste.marketing,available,8.99,41.99,medium,low,5,namesilo,,,22/09/2026 12:43
9b0ad34e-d75c-4328-b285-5706ac97efdb,blackguard.marketing,available,8.99,41.99,medium,low,10,namesilo,,,24/09/2026 02:20
de2990b4-d8f9-4c0c-9726-d2956db4e575,servile.marketing,available,6.98,53.98,medium,low,7,namecheap,,,10/09/2026 04:55
ba3347ba-4c9d-4143-bca3-3e8fe57c1506,asparagine.marketing,available,6.98,53.98,medium,low,10,namecheap,,,20/09/2026 14:39
56fe4d40-f588-4aa7-b86a-16d83f299d69,goddam.marketing,available,6.98,53.98,medium,low,6,namecheap,,,10/08/2026 12:44
e036f7fe-53aa-4e10-8396-8550f257638a,aeolus.marketing,available,6.98,53.98,medium,low,6,namecheap,,,17/09/2026 12:36
69d90626-b63a-40dc-ad5f-fa96239ab574,buttonwood.marketing,available,6.98,53.98,high,low,10,namecheap,,,18/09/2026 20:34
a5e69ff8-aba6-4ac9-9e18-531da43070e3,anonymity.marketing,available,6.98,53.98,high,low,9,namecheap,,,19/09/2026 11:38
43c484a5-6c2c-4c00-b2f0-a7ac1fc4d036,terrified.marketing,available,6.98,53.98,medium,low,9,namecheap,,,27/09/2026 02:38
6148d0be-0d27-44de-8a46-85204c268eac,creditably.marketing,available,6.98,53.98,medium,low,10,namecheap,,,14/09/2026 09:30
44c16758-2602-4b73-8d34-196b173163b3,fishermen.marketing,available,5.66,33.47,medium,low,9,porkbun,,,29/09/2026 10:38
7ed64b44-e29f-4501-a37f-e26d3269e6ea,overweight.marketing,available,6.98,53.98,high,low,10,namecheap,,,18/08/2026 08:04
1aea991c-a9f1-482f-b409-77a8f345ec20,cheater.marketing,available,8.99,41.99,medium,low,7,namesilo,,,23/09/2026 02:30
f2436523-3f4b-497e-ad9a-c89fb6bcb8b2,trivial.marketing,available,6.98,53.98,high,low,7,namecheap,,,24/09/2026 17:54
42021f64-31a0-40bc-ba07-9e8d8d5590ae,occupation.marketing,available,6.41,33.32,high,low,10,spaceship,,,28/09/2026 06:05
43fe5265-9599-460d-b79b-f8a4a81b4bee,worship.marketing,available,6.98,53.98,high,low,7,namecheap,,,17/09/2026 09:43
d986d8b3-e910-4572-9635-0b8a1ae7f14d,greyed.marketing,available,6.98,53.98,medium,low,6,namecheap,,,20/08/2026 20:04
30330fc4-9e1e-4e31-b2ee-0d0feb172347,weedy.marketing,available,6.98,53.98,medium,low,5,namecheap,,,09/09/2026 23:44
a84f64d1-0973-4943-9933-ad5f1292a99e,atoll.marketing,available,8.99,41.99,high,low,5,namesilo,,,20/09/2026 21:52
68f3f21b-5e4c-445e-90f8-2de86f726de0,johnny.marketing,available,8.99,41.99,high,low,6,namesilo,,,25/09/2026 06:45
8a7a3190-65b8-4634-8d51-511936365243,feeding.marketing,available,8.99,41.99,high,low,7,namesilo,,,25/09/2026 22:30
d367f5b4-ea8e-437b-96b3-5df43e8bb004,vernal.marketing,available,6.98,53.98,high,low,6,namecheap,,,13/09/2026 04:19
de9a0bd4-c52a-45b0-bbb6-9664302001de,benzoate.marketing,available,6.98,53.98,medium,low,8,namecheap,,,23/09/2026 08:56
6f6565ca-0534-41d3-953a-c32ca4404202,statues.marketing,available,6.98,53.98,high,low,7,namecheap,,,29/09/2026 10:39
f6ba9e32-319b-4d25-9591-a2209de6b2be,classical.marketing,available,6.98,53.98,high,low,9,namecheap,,,12/08/2026 09:42
d7911b11-d8e8-490b-9b35-a73e201d100c,pages.marketing,available,8.99,41.99,high,low,5,namesilo,,,17/09/2026 10:38
78dbc3c9-52c9-4478-9b4e-d025a0945c48,gloria.marketing,available,8.99,41.99,high,low,6,namesilo,,,27/09/2026 02:39
8dcfd9a4-15bb-4c22-9f17-9770a46e11ee,mordant.marketing,available,6.98,53.98,medium,low,7,namecheap,,,13/08/2026 02:11
c387248a-6025-4d87-8561-deb49c7dc490,annulus.marketing,available,6.98,53.98,high,low,7,namecheap,,,19/09/2026 03:40
5a0fb2a4-3a9f-4f0e-ba8f-d604a9999558,conceptual.marketing,available,6.98,53.98,high,low,10,namecheap,,,12/08/2026 20:05
733914aa-5032-4f27-bab0-3b8a036a6aef,queer.marketing,available,6.98,53.98,high,low,5,namecheap,,,13/08/2026 11:09
d25c554b-7297-4251-b30d-5a574a9174f5,unshaped.marketing,available,6.98,53.98,medium,low,8,namecheap,,,12/09/2026 19:31
64d4a82a-2fe1-4c19-b3e9-7a814a4000d2,winona.marketing,available,6.41,33.32,medium,low,6,spaceship,,,28/09/2026 22:06
252edef9-207b-4b10-a869-8eaee4fdef3b,zones.marketing,available,8.99,41.99,medium,low,5,namesilo,,,29/09/2026 16:49
26297e30-5c1d-41fb-bc44-c436479e1638,disappears.marketing,available,32.2,32.2,low,low,10,cloudflare,,,28/09/2026 13:25
62e27116-29c9-4de7-b1e4-10c5b79fa3be,informers.marketing,available,8.99,41.99,medium,low,9,namesilo,,,21/09/2026 09:19
7e6a1c4b-34b0-4d1a-a17c-f62ccf88e3ed,archil.marketing,available,6.98,53.98,medium,low,6,namecheap,,,20/09/2026 02:06
4571ba25-7f1f-46c4-95ab-0f3b1d854fb2,wilcox.marketing,available,8.99,41.99,medium,low,6,namesilo,,,27/09/2026 01:45
b7b92d90-36a3-41f7-ab8c-88a1d3e1f637,pets.marketing,resell,,,low,low,4,,,,28/09/2026 08:51
48f197f7-0e4f-49ff-8e8b-b8e7a0095c18,lying.marketing,available,9.99,,high,low,5,name.com,,,
e5e75640-3f5d-43b2-b995-e96345706e5c,malayan.marketing,available,6.98,53.98,high,low,7,namecheap,,,24/08/2026 13:44
b40e93cf-0696-474c-84a4-34ea018bfff6,communism.marketing,available,8.99,41.99,high,low,9,namesilo,,,24/09/2026 16:38
3612a979-1d70-4d25-8297-119945891fa7,aquaphobia.marketing,available,8.99,41.99,medium,low,10,namesilo,,,19/09/2026 22:59
e6714ec6-39be-4131-8945-ab4d2ce9eecb,ibuprofen.marketing,available,8.99,41.99,high,low,9,namesilo,,,17/09/2026 11:14
60d8a8bb-e429-4410-9b4d-b9cca08fd000,milksop.marketing,available,6.98,53.98,medium,low,7,namecheap,,,10/09/2026 08:50
647e2be4-a5c5-481d-a23a-94c027aa6d74,optional.marketing,available,6.98,53.98,high,low,8,namecheap,,,04/09/2026 17:10
9951084e-9372-467e-bf83-e4f748f72434,disappointment.marketing,available,9.99,,medium,low,14,name.com,,,
308142f1-43ce-407b-aff6-bac97edea941,drumming.marketing,available,17.99,63.99,high,low,8,godaddy,,,30/09/2026 01:23
2aa474d5-5690-4494-81ca-0234f95c95b1,lxvii.marketing,available,6.98,53.98,medium,low,5,namecheap,,,
ba9f956c-b1bb-41bc-8194-0911d5b935a6,posse.marketing,available,5.57,34.46,high,low,5,dynadot,,,30/09/2026 02:35
a5e5b7f9-4162-446d-9ca9-36f4d7da5d92,warlike.marketing,available,6.98,53.98,medium,low,7,namecheap,,,21/08/2026 01:40
f4b4bc70-490d-4067-9639-3eef4cdcaa2c,lars.marketing,available,6.41,33.32,high,low,4,spaceship,,,29/09/2026 09:31
99badb87-04bd-4d65-87b8-0b56a89d3f11,stationed.marketing,available,8.99,41.99,medium,low,9,namesilo,,,28/09/2026 17:32
648b65b1-23b6-4592-a049-a4d3fc66b9a3,blessings.marketing,available,5.66,33.47,medium,low,9,porkbun,,,28/09/2026 17:50
543dea19-0884-4c3e-ba1a-fb054a94f0ab,wastewater.marketing,available,6.98,53.98,medium,low,10,namecheap,,,15/08/2026 15:34
2340de11-1c89-4306-adca-d33afd4d1e12,alecost.marketing,available,8.99,41.99,medium,low,7,namesilo,,,18/09/2026 04:46
7cfd0680-4eab-4307-a143-692b75f476b3,bronchial.marketing,available,6.98,53.98,medium,low,9,namecheap,,,11/08/2026 05:35
4153c1e8-d992-4fd9-8005-a3e700e0f6ff,ports.marketing,available,8.99,41.99,high,low,5,namesilo,,,29/09/2026 09:54
2ee3fc31-cbdc-4116-a110-14ea9e927bc1,countable.marketing,available,6.98,53.98,high,low,9,namecheap,,,13/08/2026 03:28
f7d19828-fc6d-425a-98fd-d6380022cd5f,friday.marketing,resell,,,high,low,6,"Sav.com, LLC - 42",09/03/2026 15:15,09/03/2027 15:15,26/09/2026 06:15
387a26f2-c0f5-47e8-98d3-2bf6d0f82f6c,jockstrap.marketing,available,6.98,53.98,medium,low,9,namecheap,,,20/09/2026 21:10
a3f93d8c-7a91-499a-a64d-13d82ff5e044,francisco.marketing,available,6.98,53.98,high,low,9,namecheap,,,25/09/2026 18:30
ff6ccebf-bbf5-4fc9-be8a-e2c4b34042b4,reconstruct.marketing,available,6.41,33.32,high,low,11,spaceship,,,29/09/2026 21:11
aa5eacaf-8ded-4dfc-a2bf-d4a56b27d66f,heathen.marketing,available,6.98,53.98,high,low,7,namecheap,,,18/08/2026 21:55
df271e5c-eb36-4b22-a746-d3316108ba92,gaffer.marketing,available,6.98,53.98,medium,low,6,namecheap,,,
b80d9ef6-5c88-4cbe-8a96-ec8834c64a32,unscathed.marketing,available,6.98,53.98,high,low,9,namecheap,,,12/09/2026 12:03
11caa69d-642e-4cb4-9479-fb3c94e3a3c7,garrulous.marketing,available,6.98,53.98,medium,low,9,namecheap,,,12/08/2026 03:20
dfe9e0ae-8347-44e1-a5b3-31bc5b67c2fc,yorker.marketing,available,8.99,41.99,high,low,6,namesilo,,,29/09/2026 08:35
1c0d4a3c-1996-4368-a696-0d6a1bece8f6,overlapping.marketing,available,6.41,33.32,high,low,11,spaceship,,,29/09/2026 08:54
74f6a46f-964f-43de-8cf1-f58ead433cc0,osama.marketing,available,8.99,41.99,medium,low,5,namesilo,,,29/09/2026 22:16
bbbae000-59f5-4042-a917-12cd72ea90a9,ribbing.marketing,available,6.98,53.98,medium,low,7,namecheap,,,11/09/2026 10:01
6c288404-453c-4e84-b473-b7682ad03b6f,inflexible.marketing,available,6.98,53.98,medium,low,10,namecheap,,,22/08/2026 04:32
3d236888-9c9f-4c4d-b5c9-c482f3214580,mesmerized.marketing,available,6.98,53.98,high,low,10,namecheap,,,17/08/2026 22:50
4563455c-a46e-4d3f-940b-37d7c188e104,unauthorized.marketing,available,5.66,33.47,medium,low,12,porkbun,,,28/09/2026 22:49
a4329386-4206-4a6c-ae49-6460ceb18424,presses.marketing,available,8.99,41.99,medium,low,7,namesilo,,,30/09/2026 00:10
fc34f667-456c-4f91-8754-5ba9d4bf0d7a,deprave.marketing,available,6.98,53.98,medium,low,7,namecheap,,,13/08/2026 02:24
40c98e64-6be9-4f57-a84b-48bfc02872ac,diary.marketing,available,8.99,41.99,high,low,5,namesilo,,,24/09/2026 22:13
09f0ea65-1d62-423b-9d63-5e805e52efc7,flickering.marketing,available,6.98,53.98,high,low,10,namecheap,,,
76e9bed9-6b2d-4e43-9817-0e33cccd9dd6,stael.marketing,available,8.99,41.99,medium,low,5,namesilo,,,22/09/2026 07:38
1ecb307c-bed5-4677-a604-73c99c388972,cuyahoga.marketing,available,6.41,33.32,medium,low,8,spaceship,,,29/09/2026 10:08
462df568-8ebc-4d29-ab78-b7784ea03d52,tying.marketing,available,8.99,41.99,high,low,5,namesilo,,,29/09/2026 08:16
77b2473d-4e57-4379-b300-5e8f5b779bf6,assembler.marketing,available,6.98,53.98,high,low,9,namecheap,,,20/09/2026 16:01
0bc3c91f-e2ab-4935-a44e-d6b74220b65e,devon.marketing,available,8.99,41.99,high,low,5,namesilo,,,25/09/2026 04:52
6366a511-6a97-4926-8b67-707acb7f376f,washes.marketing,available,8.99,41.99,medium,low,6,namesilo,,,20/09/2026 04:54
cea53f0f-3263-4475-8200-66b4e661efd5,leavened.marketing,available,6.98,53.98,medium,low,8,namecheap,,,22/08/2026 22:13
39e67f13-e02a-4e26-95fa-1cdbba758099,pipes.marketing,available,8.99,41.99,high,low,5,namesilo,,,27/09/2026 22:20
364b4562-f398-4403-b76a-c90ca14fe453,spleen.marketing,available,17.99,63.99,high,low,6,godaddy,,,30/09/2026 02:01
6a32e236-05e0-460d-a20f-af5f8ec0ffb0,bronson.marketing,available,8.99,41.99,medium,low,7,namesilo,,,28/09/2026 16:48
0b968d3c-66c1-4092-8d6d-0b84e76082f3,fremantle.marketing,available,6.98,53.98,medium,low,9,namecheap,,,29/09/2026 23:48
8b72de83-40c6-448a-9589-23afbf6a1ee0,seriatim.marketing,available,6.98,53.98,medium,low,8,namecheap,,,16/09/2026 01:10
5d6d5108-1a24-4388-9f6d-2dbda03b907c,blantyre.marketing,available,8.99,41.99,medium,low,8,namesilo,,,24/09/2026 04:05
5ff94d9d-cca7-477a-b53b-63caaa0c1632,prolific.marketing,available,6.98,53.98,high,low,8,namecheap,,,27/09/2026 07:21
f5985cb8-0bf2-4ac9-b884-cd728221823f,cyclic.marketing,available,9.99,52.99,high,low,6,name.com,,,13/08/2026 13:31
4aa62d91-eaca-47c2-8011-4f398bf61a6f,knee.marketing,available,6.98,53.98,high,low,4,namecheap,,,20/09/2026 11:27
49074835-58d3-4770-85f8-3fba42a454a0,tape.marketing,available,9.99,,high,low,4,name.com,,,
f3ee935a-0033-4f84-a996-8a30342ac3d3,capitalism.marketing,available,32.2,32.2,high,low,10,cloudflare,,,29/09/2026 07:23
fae51e21-5a51-493c-a8a8-1716ec2b9008,facilitate.marketing,available,9.99,,high,low,10,name.com,,,
aef9cf87-ad6c-4390-ace4-df01e71d2864,cimmerian.marketing,available,6.98,53.98,medium,low,9,namecheap,,,12/08/2026 08:11
a0f2612f-25cf-4729-a052-93e1ba1cda55,dendritic.marketing,available,6.98,53.98,medium,low,9,namecheap,,,14/08/2026 01:48
8c4756ef-c557-4d7d-be5b-0ca0302f0d83,affirmable.marketing,available,6.98,53.98,medium,low,10,namecheap,,,
99dd3cb0-b1c2-48dd-9593-05851b793357,scheduled.marketing,available,8.99,41.99,high,low,9,namesilo,,,27/09/2026 18:26
ecf9453d-6096-4911-b39f-e9dfd3389fe5,finally.marketing,available,6.41,33.32,high,low,7,spaceship,,,28/09/2026 12:41
5fca5a94-1a5e-4f56-ad43-15074ac8959e,joints.marketing,available,6.98,53.98,medium,low,6,namecheap,,,20/09/2026 03:38
b5aa779b-a909-43db-99e9-bf6eae97a0da,stamps.marketing,available,5.57,34.46,medium,low,6,dynadot,,,28/09/2026 08:32
f5e63178-c524-4b00-a877-e68c06ec752e,assemblages.marketing,available,5.66,33.47,low,low,11,porkbun,,,29/09/2026 05:48
91f5864a-5c66-49cf-9b97-ad160e966cbf,abel.marketing,available,8.99,41.99,high,low,4,namesilo,,,16/09/2026 14:57
4583e61d-d674-48b1-98d0-b7d8b0ec4d47,oxidised.marketing,available,6.98,53.98,medium,low,8,namecheap,,,04/09/2026 22:28
89e8d7fe-ec20-4979-b15e-61f462d7ace1,dick.marketing,available,6.98,53.98,high,low,4,namecheap,,,29/09/2026 10:10
3e35e41a-1bdb-4f7a-b79f-a0a3722ec2b0,mist.marketing,available,8.99,41.99,high,low,4,namesilo,,,25/09/2026 23:43
644500dc-a7db-4763-a4f8-be99461547d3,decimal.marketing,available,6.98,53.98,high,low,7,namecheap,,,13/08/2026 21:27
fefb4d24-3eb7-41d8-8645-d06fc49e1e82,warn.marketing,available,32.2,32.2,high,low,4,cloudflare,,,28/09/2026 03:18
df05765e-dba1-4935-92b4-104009f21a90,forceful.marketing,available,6.98,53.98,high,low,8,namecheap,,,18/08/2026 11:13
fde53957-54f9-4c5e-8fd9-5d88f895fa62,feasting.marketing,available,8.99,41.99,high,low,8,namesilo,,,22/09/2026 03:07
80c547ee-7a96-411a-97cb-81deba5c5da5,bannock.marketing,available,8.99,41.99,medium,low,7,namesilo,,,22/09/2026 02:55
25ff8174-7a17-4de0-b53d-b765d3a8f506,abila.marketing,available,8.99,41.99,medium,low,5,namesilo,,,16/09/2026 15:52
658ba642-6262-45eb-bf1a-6cb569ac73b0,regulator.marketing,available,6.41,33.32,high,low,9,spaceship,,,29/09/2026 20:08
6145338e-2690-4e8d-b6f7-1c919b67f610,threaded.marketing,available,6.98,53.98,high,low,8,namecheap,,,11/09/2026 14:12
e00c0c7e-d698-493f-b2e5-10369dcfa127,auricula.marketing,available,8.99,41.99,medium,low,8,namesilo,,,21/09/2026 04:20
7b94b55b-ab41-4a51-960a-d60a4199408f,thumbs.marketing,available,8.99,41.99,medium,low,6,namesilo,,,18/09/2026 14:13
be97b73a-c7e6-4e88-9c6d-6320b0af8ca0,criminals.marketing,available,8.99,41.99,low,low,9,namesilo,,,27/09/2026 03:03
306c2d64-2e37-424d-9b39-cda79d50afd6,montrose.marketing,available,8.99,41.99,medium,low,8,namesilo,,,28/09/2026 04:14
5ca9b90e-1a7a-49f5-905e-91d3275513a0,defunct.marketing,available,6.98,53.98,medium,low,7,namecheap,,,13/08/2026 23:55
c3090780-17d6-4c90-9659-0a152884ea4a,beige.marketing,available,6.98,53.98,high,low,5,namecheap,,,09/08/2026 12:22
00370a73-ffae-4a58-a9c6-45634b40cafd,ascendent.marketing,available,6.98,53.98,high,low,9,namecheap,,,
9fcf5c76-dfec-4fd0-b31b-a9da624214f1,crocodile.marketing,available,6.98,53.98,high,low,9,namecheap,,,29/09/2026 12:11
13712981-c83e-48ac-9e7f-98b2cac3c2c7,xmas.marketing,available,8.99,41.99,high,low,4,namesilo,,,29/09/2026 09:09
96fc81a3-f121-402d-bb61-24f893ba9f54,find.marketing,premium,68.51,68.51,high,medium,4,spaceship,,,29/09/2026 04:04
6c2c6102-f308-4c79-81bc-d95e2c052d4b,decedent.marketing,available,6.98,53.98,medium,low,8,namecheap,,,13/08/2026 21:05
8cb0f4c9-99d3-4765-a77b-c20685754766,kempt.marketing,available,6.98,53.98,medium,low,5,namecheap,,,22/08/2026 15:32
7ade4fd1-66f1-416c-82b0-aff476a03316,loquacious.marketing,available,6.98,53.98,high,low,10,namecheap,,,12/08/2026 03:22
122e21ca-21d1-4baa-b035-d06576b52169,weirdly.marketing,available,8.99,41.99,medium,low,7,namesilo,,,16/09/2026 11:23
4f9215e5-3f57-4441-a81f-3c35c540b8da,aphakia.marketing,available,8.99,41.99,medium,low,7,namesilo,,,19/09/2026 16:51
fb9413e6-b8bf-4d89-8317-205fae6237c5,algology.marketing,available,8.99,41.99,medium,low,8,namesilo,,,18/09/2026 07:09
53c0f9d5-d7f9-44cf-ae26-f278d093b661,borderline.marketing,available,8.99,41.99,high,low,10,namesilo,,,23/09/2026 00:01
e1a798fa-b737-4101-a9ee-047d938b5d25,putting.marketing,available,8.99,41.99,high,low,7,namesilo,,,25/09/2026 10:11
3aa76c51-c3b7-402f-bbe2-0e7c63e5c36b,sobbing.marketing,available,6.41,33.32,medium,low,7,spaceship,,,30/09/2026 02:55
0605f16b-89cf-430e-ac1b-14bb33cfcb7d,aeration.marketing,available,6.98,53.98,medium,low,8,namecheap,,,17/09/2026 12:46
58d5ddab-db65-47a9-bd2e-86dd2ee157f3,eel.marketing,available,6.98,53.98,high,low,3,namecheap,,,30/09/2026 01:28
0fc394a6-f809-46d8-924f-9700dbd381c5,bahia.marketing,available,5.57,34.46,medium,low,5,dynadot,,,27/09/2026 18:32
97722e6e-6aa1-4c75-9c51-6b0ea31d5d8b,beck.marketing,available,8.99,41.99,high,low,4,namesilo,,,22/09/2026 22:35
faba459d-27eb-4ef1-ad7c-2833b4260d01,abingdon.marketing,available,6.41,33.32,medium,low,8,spaceship,,,28/09/2026 22:10
ed65efb3-f288-4cb2-b3d4-ca7d1d8aa1b8,anaerobic.marketing,available,6.98,53.98,medium,low,9,namecheap,,,
75e70669-d9e5-457e-b285-8c12fa60f3d9,muscles.marketing,available,5.66,33.47,medium,low,7,porkbun,,,27/09/2026 21:29
c7861a4b-546f-4c8a-b3f0-3600afb83edc,pickings.marketing,available,6.98,53.98,high,low,8,namecheap,,,11/09/2026 07:21
e9c59119-896f-4d89-84aa-3c325dc3ceaf,accused.marketing,available,8.99,41.99,medium,low,7,namesilo,,,28/09/2026 17:31
cbcb87ce-cddd-44ca-ae0c-0686e8559b44,seekers.marketing,available,6.98,53.98,medium,low,7,namecheap,,,21/09/2026 07:32
875a0d7e-9f5b-4f77-a8aa-ec4f2601bd90,thousand.marketing,available,8.99,41.99,high,low,8,namesilo,,,21/09/2026 11:02
c68c289c-06d9-404b-880e-91e0e6575307,ventilation.marketing,available,8.99,41.99,high,low,11,namesilo,,,29/09/2026 04:52
41211e99-d672-45bf-bb12-4f8a282bd76b,whiney.marketing,available,6.98,53.98,medium,low,6,namecheap,,,09/09/2026 08:35
1f59103e-e2f5-46c6-8172-e65554f0b76d,muzzle.marketing,available,6.41,33.32,high,low,6,spaceship,,,29/09/2026 07:01
132ca8af-6301-408a-ba9b-5f8009458191,arafat.marketing,available,6.98,53.98,medium,low,6,namecheap,,,19/09/2026 23:42
83ce360f-3550-44cc-bf30-1dc4eada1ee4,perm.marketing,available,6.98,53.98,high,low,4,namecheap,,,08/09/2026 17:34
7614e366-e5e5-41dd-833b-fca30e4ae50d,nys.marketing,available,32.2,32.2,high,low,3,cloudflare,,,29/09/2026 15:44
1007153f-4d3d-4106-9df6-91a8da6195d2,wehrmacht.marketing,available,6.41,33.32,medium,low,9,spaceship,,,28/09/2026 16:22
a252a302-9eb9-4470-a4e7-5afada185791,fulsome.marketing,available,6.98,53.98,medium,low,7,namecheap,,,11/08/2026 11:40
9a378c4a-f6b7-4cd2-9827-b75483657036,convinced.marketing,available,9.99,,high,low,9,name.com,,,
7a35e2e6-167a-40ed-9e17-8fde11a38ac2,defraud.marketing,available,6.98,53.98,medium,low,7,namecheap,,,14/09/2026 08:02
996eb970-14bf-4c2e-80b4-38d13f797445,grinning.marketing,available,8.99,41.99,high,low,8,namesilo,,,27/09/2026 23:14
4a1787c5-649c-43a9-9473-4a63d6582c77,annulet.marketing,available,8.99,41.99,medium,low,7,namesilo,,,19/09/2026 10:59
6c034a68-c5de-4721-8224-c897342c7ead,seamed.marketing,available,6.98,53.98,medium,low,6,namecheap,,,10/09/2026 00:45
0defc698-05ae-4d45-a3da-962fda6286e1,dresses.marketing,available,8.99,41.99,medium,low,7,namesilo,,,18/09/2026 07:11
40a6aa76-015c-4189-a791-9d0ba094ea98,backlog.marketing,available,8.99,41.99,high,low,7,namesilo,,,21/09/2026 15:41
7a20b051-988a-48a1-8e8b-606dc758a8b5,savings.marketing,available,6.41,33.32,high,low,7,spaceship,,,28/09/2026 13:08
735099ff-e781-47f9-a75b-4a1bf7ef7b53,sandfish.marketing,available,8.99,41.99,medium,low,8,namesilo,,,22/09/2026 19:42
45eda313-9938-4cce-8edc-77d3a8137a70,horatio.marketing,available,8.99,41.99,medium,low,7,namesilo,,,28/09/2026 00:17
935e0e6c-5a34-45ff-91b7-05d484d0f679,motive.marketing,resell,,,high,medium,6,Squarespace Domains II LLC,03/07/2021 08:20,03/07/2028 08:20,26/09/2026 07:39
9c98a039-86fe-444f-a0bc-12309064547c,precursors.marketing,available,8.99,41.99,medium,low,10,namesilo,,,21/09/2026 00:35
59dbc932-0c71-4ec4-bcdf-b3f69d2050c6,issus.marketing,available,8.99,41.99,medium,low,5,namesilo,,,22/09/2026 15:11
4897f158-5fb5-4c8e-b844-c51ade5bfac5,sparkles.marketing,available,6.98,53.98,high,low,8,namecheap,,,20/09/2026 19:19
724ff7eb-ee8e-4f23-b6db-9089b5573c13,projecting.marketing,available,6.98,53.98,high,low,10,namecheap,,,22/08/2026 14:48
8a21db46-db76-4f8b-8963-9a542e8ce0a1,bahaism.marketing,available,6.98,53.98,medium,low,7,namecheap,,,21/09/2026 18:33
a5730cb8-1954-4628-8724-8f5833c16580,comparison.marketing,available,8.99,41.99,high,low,10,namesilo,,,24/09/2026 16:42
498ef8b8-dae0-43b9-a036-2875a11a9cfd,savory.marketing,available,6.98,53.98,high,low,6,namecheap,,,25/08/2026 08:48
a0fffd4d-52d5-42b8-8781-e93108d1d7f1,aeronautic.marketing,available,6.98,53.98,high,low,10,namecheap,,,
c7e2c2d4-a67d-42e6-a1d7-33414d2dccc7,wedded.marketing,available,6.98,53.98,high,low,6,namecheap,,,13/09/2026 09:30
371c4808-f31d-45be-955f-89edd16858dd,independently.marketing,available,6.41,33.32,medium,low,13,spaceship,,,29/09/2026 14:31
d7f3730c-7272-4e88-b7e5-f0f32c5aa28a,delegates.marketing,available,5.57,34.46,medium,low,9,dynadot,,,29/09/2026 17:31
524ca717-f536-4a01-b720-48f4b8ca87cc,canoe.marketing,available,8.99,41.99,high,low,5,namesilo,,,29/09/2026 06:41
52da605d-aeb2-4bb6-9456-0a1c01e54bda,inherited.marketing,available,6.98,53.98,high,low,9,namecheap,,,18/08/2026 21:33
213caafb-ec9c-4b3a-8695-c3ffbf22bef7,antiphony.marketing,available,8.99,41.99,medium,low,9,namesilo,,,19/09/2026 14:57
e04e3e95-63cb-4b6f-9d2f-8fc76559ff07,entertaining.marketing,available,6.41,33.32,high,low,12,spaceship,,,28/09/2026 07:00
80e95be6-ac31-4b82-8c83-2ad800787fb2,neophyte.marketing,available,6.98,53.98,high,low,8,namecheap,,,18/08/2026 07:34
8b648f9f-564f-4682-8df2-d4feba65d9ea,dug.marketing,available,6.41,33.32,high,low,3,spaceship,,,28/09/2026 05:32
cb5b9c8b-9539-4871-b00c-97977e82225e,cadaverous.marketing,available,6.98,53.98,medium,low,10,namecheap,,,10/08/2026 18:51
1fae7a36-efce-4953-97a7-079afb4b5d1d,condemn.marketing,available,9.99,,medium,low,7,name.com,,,
d54f70d9-7a0c-44aa-931a-c718452131f7,throat.marketing,available,8.99,41.99,high,low,6,namesilo,,,26/09/2026 00:01
fb3e4b66-65ea-4925-8a76-6571d0bd3e30,cameraman.marketing,available,8.99,41.99,high,low,9,namesilo,,,29/09/2026 06:02
a4c30d46-4167-487a-b583-0033b37bc2a8,outlandish.marketing,available,6.98,53.98,medium,low,10,namecheap,,,10/08/2026 10:37
d8468314-96ad-41ed-b2eb-c5d2071213b0,fearless.marketing,resell,,,high,low,8,"Sav.com, LLC - 11",22/01/2026 15:16,22/01/2027 15:16,26/09/2026 06:02
0bb7bf41-7682-46eb-b8f7-1d070481d86a,sixth.marketing,available,6.98,53.98,high,low,5,namecheap,,,
d32644cd-759d-4139-b9e2-4119b9f66311,wounds.marketing,available,6.98,53.98,low,low,6,namecheap,,,25/09/2026 19:23
5de08ea3-a176-47c5-9da3-c66a1934fa78,repaired.marketing,available,8.99,41.99,medium,low,8,namesilo,,,28/09/2026 23:01
feb10bdd-6d6c-47cb-bb4d-555c01a2682b,unblinking.marketing,available,6.98,53.98,medium,low,10,namecheap,,,12/09/2026 02:16
f68dce08-7ce9-42ff-836c-03deb14f4e8c,brunette.marketing,available,6.98,53.98,high,low,8,namecheap,,,11/08/2026 06:56
0f22bf79-2252-47da-a486-21f6a4c46ac7,skanky.marketing,available,6.98,53.98,medium,low,6,namecheap,,,14/08/2026 10:49
bccad0e3-27f4-4430-b5a0-5779bcb28463,sheila.marketing,available,6.41,33.32,high,low,6,spaceship,,,27/09/2026 17:05
5af0751d-b4fa-4f49-a652-1ff853136f25,ams.marketing,premium,38.94,38.94,high,low,3,namesilo,,,28/09/2026 21:48
721e926c-9d51-4624-a7dd-820124225790,auditive.marketing,available,6.98,53.98,medium,low,8,namecheap,,,07/08/2026 16:49
1bd69267-768d-443f-ae7e-899cc6b9d4ef,tunguska.marketing,available,8.99,41.99,medium,low,8,namesilo,,,19/09/2026 05:45
ea1eea5a-dbc5-430c-b8bc-d77226f0df1f,paterson.marketing,available,8.99,41.99,high,low,8,namesilo,,,25/09/2026 09:48
88daf364-0110-4ad2-9e1b-47bcf985b4fe,nuisance.marketing,available,5.66,33.47,medium,low,8,porkbun,,,29/09/2026 19:51
4f14dbe4-cbaf-494c-b5b2-3081860268a7,unhuman.marketing,available,6.98,53.98,medium,low,7,namecheap,,,14/08/2026 00:04
82f2144b-565a-4c4f-9be4-865694d678b0,phoebus.marketing,available,8.99,41.99,high,low,7,namesilo,,,19/09/2026 18:43
c34a18ec-ec5f-41f7-89fa-b1c8a79bda95,unobserved.marketing,available,6.98,53.98,medium,low,10,namecheap,,,12/09/2026 16:04
db61f879-407c-4371-8b7d-9dd3f4ae33ff,tenderly.marketing,available,8.99,41.99,high,low,8,namesilo,,,16/09/2026 08:17
5d8bfef2-8374-4438-a62b-587939361bdf,forbidding.marketing,available,6.98,53.98,medium,low,10,namecheap,,,18/08/2026 11:08
d98dfc96-3f97-4c64-bd81-4b2c80bca17c,araguaia.marketing,available,8.99,41.99,medium,low,8,namesilo,,,19/09/2026 23:45
a5c25153-772c-4246-b5d8-0ae85a468233,democrat.marketing,premium,102.67,102.67,high,low,8,spaceship,,,29/09/2026 13:56
e14165d3-0204-4acf-a4c4-c2af1d3fe4f4,apnoeic.marketing,available,6.98,53.98,medium,low,7,namecheap,,,06/08/2026 00:46
93c10cde-e3e8-4028-91a3-f18bfe77d6ed,logically.marketing,available,6.98,53.98,high,low,9,namecheap,,,15/09/2026 12:41
7ab217ba-eaee-453e-ac03-011a5054d9a5,transcription.marketing,available,6.41,33.32,medium,low,13,spaceship,,,29/09/2026 23:27
e4388ac6-12a0-42e8-af26-32b3a2036b72,freaks.marketing,available,8.99,41.99,low,low,6,namesilo,,,30/09/2026 00:34
8ee48ebc-58fe-4194-8168-9945e5f5c995,britten.marketing,available,8.99,41.99,medium,low,7,namesilo,,,23/09/2026 08:15
31d043cc-1b55-47db-abef-47fcf3dc632d,coleridge.marketing,available,6.41,33.32,medium,low,9,spaceship,,,28/09/2026 09:24
f12dfe60-5188-4ea0-aa8e-bd82df8db41c,distinction.marketing,available,9.99,,high,low,11,name.com,,,
e06b2ea1-050e-4601-a0e9-212037e1dea5,jra.marketing,available,8.99,41.99,medium,low,3,namesilo,,,19/09/2026 14:09
39f231b6-16ce-4c6f-85cd-d7a232bb32b5,redhead.marketing,available,8.99,41.99,high,low,7,namesilo,,,21/09/2026 10:48
0c5664de-3c23-4a66-8318-838d79259727,dhs.marketing,available,8.99,41.99,medium,low,3,namesilo,,,29/09/2026 09:25
bb80ff01-ef4c-4c39-81c0-2103d6969a39,notify.marketing,available,9.99,,high,low,6,name.com,,,
3792f51f-0d44-4f3b-afa9-9996090983cc,snout.marketing,available,6.98,53.98,high,low,5,namecheap,,,30/09/2026 01:54
4950fc19-2136-42df-9c58-4c11a51ac7ab,swear.marketing,available,6.98,53.98,high,low,5,namecheap,,,24/09/2026 20:32
016c7a5d-43b1-4df5-87da-6de737460055,opener.marketing,available,5.66,33.47,high,low,6,porkbun,,,28/09/2026 20:02
f775de9f-8d21-4e96-913a-7cf7c07e62a5,elsa.marketing,available,6.41,33.32,high,low,4,spaceship,,,28/09/2026 08:37
75dcdb71-0d04-4cba-8e5c-70cbe2a7a5a4,abuzz.marketing,available,6.98,53.98,medium,low,5,namecheap,,,
6d520c98-68c2-4fb4-8156-d2e31d1dab26,aneroid.marketing,available,6.98,53.98,medium,low,7,namecheap,,,
d8631e42-ce3c-478b-ac3c-9609bf96192e,utopian.marketing,available,6.98,53.98,high,low,7,namecheap,,,13/09/2026 00:12
2626b578-12ac-4baf-8fd1-f5dbf27b1f9e,deformity.marketing,available,6.98,53.98,medium,low,9,namecheap,,,24/09/2026 21:21
0a0f12b2-50ce-4600-879f-5a34abd43f15,awfully.marketing,available,8.99,41.99,medium,low,7,namesilo,,,22/09/2026 15:26
9296a898-471f-49f6-a7a4-c7ae6c70c854,identified.marketing,available,8.99,41.99,high,low,10,namesilo,,,25/09/2026 07:25
220fa5b7-6b19-4eec-b285-ceb6963b38ba,prostrate.marketing,available,6.98,53.98,high,low,9,namecheap,,,09/09/2026 03:57
2966690c-8de6-4f21-a32c-fb971f279d6f,montana.marketing,available,6.41,33.32,high,low,7,spaceship,,,28/09/2026 02:26
379b4792-c579-490e-b3ec-f5029fd4ea1b,efforts.marketing,available,5.66,33.47,medium,low,7,porkbun,,,27/09/2026 22:23
0a8e9779-608f-45a8-a023-1f117b287dcb,wanly.marketing,available,6.98,53.98,low,low,5,namecheap,,,16/09/2026 11:19
092b224c-a11b-4882-b82f-fed745481314,anime.marketing,resell,,,high,medium,5,Dynadot Inc,24/07/2026 17:00,24/07/2027 17:00,26/09/2026 03:53
58eebf63-5eb4-4a1e-832d-ca73d1734015,barely.marketing,available,6.41,33.32,medium,low,6,spaceship,,,27/09/2026 18:14
40ee557d-0477-4afc-829e-30cc36c24a04,immutable.marketing,available,6.98,53.98,high,low,9,namecheap,,,12/08/2026 01:57
212f6281-59a9-424e-be5e-074254efd41f,knew.marketing,available,9.99,,medium,low,4,name.com,,,
8dade628-eb53-4112-9247-5979fd8b1374,needed.marketing,available,6.98,53.98,high,low,6,namecheap,,,03/09/2026 14:49
80c2f662-f767-4e3c-a83d-445910566468,jervis.marketing,available,6.41,33.32,medium,low,6,spaceship,,,29/09/2026 15:49
af5f768e-5269-413c-8a98-182b979285cb,gangs.marketing,available,5.57,34.46,low,low,5,dynadot,,,28/09/2026 13:19
2e896d9c-d527-4307-86c2-c10497ff0053,jacobean.marketing,available,6.98,53.98,high,low,8,namecheap,,,22/08/2026 11:47
2fcc86c3-a1f7-4482-b9ef-3d2a60ad03a4,gardiner.marketing,available,6.98,53.98,high,low,8,namecheap,,,25/09/2026 06:17
95629e94-37eb-4be6-8fa0-da7d754fa68f,leaden.marketing,available,6.98,53.98,medium,low,6,namecheap,,,22/08/2026 21:44
b79c5d8d-148c-4af6-97c0-dc044e31ef20,crawler.marketing,available,8.99,41.99,high,low,7,namesilo,,,19/09/2026 06:39
af279f58-68c5-4de2-ac90-779bb8122cd1,comment.marketing,available,8.99,41.99,high,low,7,namesilo,,,24/09/2026 16:29
9a7a56a3-83c9-4e18-bb8c-a3b21dd2425e,obnubilate.marketing,available,6.98,53.98,low,low,10,namecheap,,,03/09/2026 23:55
04a45a1f-afc5-4e29-a751-9f7856883665,heartfelt.marketing,available,6.98,53.98,high,low,9,namecheap,,,21/08/2026 02:11
5a5f5e21-4b2b-4cf5-a9a0-fbe97b083d09,diehard.marketing,available,6.98,53.98,high,low,7,namecheap,,,11/09/2026 18:42
b0947e34-7ebf-433c-8e5b-7d01a0434c48,knavish.marketing,available,6.98,53.98,medium,low,7,namecheap,,,13/08/2026 04:34
c21c2dd1-daed-49d3-9e46-5cce91774eae,beware.marketing,available,32.2,32.2,medium,low,6,cloudflare,,,28/09/2026 20:49
393aa0f4-1562-4704-91b8-a31a93dd4b70,admittance.marketing,available,8.99,41.99,high,low,10,namesilo,,,16/09/2026 22:13
1ea15526-ba73-4e6e-9189-b07208aabfe2,ramsay.marketing,available,8.99,41.99,medium,low,6,namesilo,,,25/09/2026 15:54
735790b8-e72b-4478-9779-42acdba31de0,contrite.marketing,available,6.98,53.98,high,low,8,namecheap,,,12/08/2026 23:34
02b26b28-4375-42d6-8925-99317168235b,unsheathed.marketing,available,6.98,53.98,medium,low,10,namecheap,,,12/09/2026 19:47
d5f3e181-b046-4b73-94c7-b4c20e86246c,chalky.marketing,available,6.98,53.98,medium,low,6,namecheap,,,11/08/2026 13:39
78770fde-6507-4906-856b-ed66fc680af9,alidad.marketing,available,8.99,41.99,medium,low,6,namesilo,,,18/09/2026 07:31
fcc3943c-d3d5-41ab-a31e-cda063d33bd6,efl.marketing,available,8.99,41.99,high,low,3,namesilo,,,29/09/2026 09:34
aafd714e-1be3-41d3-9940-b6a59580891f,clorox.marketing,available,8.99,41.99,high,low,6,namesilo,,,24/09/2026 15:53
633dfe75-b37d-4f20-bb93-900ce2cac13e,seraphic.marketing,available,6.98,53.98,high,low,8,namecheap,,,12/08/2026 04:26
5d3ca2c3-9a3f-4bb7-9e01-77fde890382d,subvert.marketing,available,6.98,53.98,medium,low,7,namecheap,,,13/08/2026 02:15
e4f74e49-9104-49ec-b975-4e1231ce2944,peak.marketing,resell,,,high,medium,4,Dynadot Inc,08/02/2018 22:11,08/02/2027 22:11,26/09/2026 08:04
de76aa3a-c636-4cf5-80cb-c32db2e5a2e9,flew.marketing,available,9.99,,high,low,4,name.com,,,
66e7a9ff-457d-4e7b-95da-9b342d779ad9,starts.marketing,available,9.99,,medium,low,6,name.com,,,
6f7b0edb-e7bb-44e4-a1eb-ea424451af1b,wristband.marketing,available,8.99,41.99,high,low,9,namesilo,,,24/09/2026 07:49
34b00de2-3d3b-490e-831b-5821c5b6bcb9,inaccurate.marketing,available,6.98,53.98,medium,low,10,namecheap,,,22/08/2026 00:09
92d9bfa8-5fcb-40c3-91d3-966af3b866c0,cursive.marketing,available,6.98,53.98,high,low,7,namecheap,,,13/08/2026 11:36
d58b468a-9134-43fc-bdda-3f64d1f42111,spiky.marketing,available,6.98,53.98,medium,low,5,namecheap,,,08/09/2026 11:12
9fa7266e-e30b-4140-b753-74d852b8c7fc,greeks.marketing,available,8.99,41.99,high,low,6,namesilo,,,28/09/2026 22:45
0bd0ded3-1dd9-4a9d-9928-4074f1f1296b,groves.marketing,available,5.57,34.46,high,low,6,dynadot,,,29/09/2026 21:37
4be25295-60c6-481d-88a6-4055eafcc9a8,bioassay.marketing,available,8.99,41.99,medium,low,8,namesilo,,,23/09/2026 17:38
57d5bb79-6129-47b6-87fb-08c3ac2c8cad,warhol.marketing,available,6.98,53.98,high,low,6,namecheap,,,19/09/2026 05:06
4c957d76-7339-41a4-b8c0-8018720758fd,torino.marketing,available,8.99,41.99,high,low,6,namesilo,,,29/09/2026 02:19
1bb8f75a-f667-4c5c-8183-dd815117da95,frisky.marketing,available,6.98,53.98,high,low,6,namecheap,,,18/08/2026 16:02
9af10583-0739-470e-b00b-aa807b55d257,manzoni.marketing,available,8.99,41.99,high,low,7,namesilo,,,18/09/2026 05:31
2e371eb0-b72e-4011-b804-ab3cc8bbd2b3,baddie.marketing,available,6.98,53.98,medium,low,6,namecheap,,,21/09/2026 16:59
61ff4bd3-5635-4418-a57e-c9c967f7ab34,blackface.marketing,available,9.99,52.99,medium,low,9,name.com,,,24/09/2026 02:15
3149ad6c-1ec1-40b5-b39b-f0306808a2e5,amazing.marketing,resell,,,high,low,7,"Sav.com, LLC - 32",12/11/2023 15:15,12/11/2026 15:15,26/09/2026 03:50
c96bd771-08a4-4a14-9391-8bd50418156d,midwestern.marketing,available,6.98,53.98,high,low,10,namecheap,,,24/08/2026 22:41
364fc2b9-fe30-492f-84e0-6b24e2a9ba2b,billiards.marketing,available,8.99,41.99,high,low,9,namesilo,,,23/09/2026 16:23
a6d828d9-f86b-4f56-8514-e3341c6c7dc5,affixed.marketing,available,6.98,53.98,medium,low,7,namecheap,,,
f4e7aa5d-2c85-453d-8795-3b3e7d16d8b9,hartford.marketing,available,32.2,32.2,high,low,8,cloudflare,,,28/09/2026 18:33
b55e4c36-25cf-4909-b97c-6b73481af328,awarded.marketing,available,6.41,33.32,medium,low,7,spaceship,,,29/09/2026 05:30
38c22fd9-9b93-4d6a-8f27-ffe2f6623184,dedicated.marketing,available,6.98,53.98,high,low,9,namecheap,,,23/09/2026 20:41
44838e77-84f5-43f4-8a3d-630ed35ef819,aldose.marketing,available,8.99,41.99,high,low,6,namesilo,,,18/09/2026 04:38
205db743-f319-462c-adb8-6767669be10f,emmet.marketing,available,6.98,53.98,medium,low,5,namecheap,,,19/09/2026 12:15
7c1c6605-cf2b-44e2-89c5-c855376e98d2,occurring.marketing,available,9.99,,high,low,9,name.com,,,
5b6cedcb-b029-4751-903c-1b2a5af6467d,digby.marketing,available,32.2,32.2,high,low,5,cloudflare,,,29/09/2026 15:01
4ecc0831-e542-4951-8562-fea77a7cfef1,forgery.marketing,available,6.98,53.98,high,low,7,namecheap,,,13/08/2026 03:36
40a5f34a-70d5-48cc-ba06-7fa68925c4e5,ventilators.marketing,available,8.99,41.99,low,low,11,namesilo,,,18/09/2026 23:26
5484f32b-d37c-488f-9f2c-adf9766f983e,alpinism.marketing,available,8.99,41.99,medium,low,8,namesilo,,,18/09/2026 14:05
151b5ed6-a75b-4daf-a5c7-0369ddf9a3df,ascendency.marketing,available,8.99,41.99,high,low,10,namesilo,,,20/09/2026 13:06
49a7d029-096e-410f-9f1a-a21dd726dba3,debut.marketing,available,6.98,53.98,high,low,5,namecheap,,,24/09/2026 21:09
c04b033d-0855-4e33-8391-dfec52a6a531,multilingual.marketing,resell,,,high,low,12,,,,29/09/2026 20:52
9480ee92-efa9-419a-8814-dd818fe6959d,synoptical.marketing,available,6.98,53.98,medium,low,10,namecheap,,,11/09/2026 06:35
9e852599-6509-4c4c-af8c-6210dc87135c,uncapped.marketing,available,6.98,53.98,medium,low,8,namecheap,,,12/09/2026 04:44
ce23f059-fd22-46a3-ab2e-2eea2be3a38a,lettres.marketing,available,6.41,33.32,medium,low,7,spaceship,,,29/09/2026 05:30
dde43827-7555-4824-a09e-54ae15d4b55f,attract.marketing,available,9.99,,high,low,7,name.com,,,
d2647e14-478b-449c-a711-198f60e70727,omit.marketing,available,9.99,,high,low,4,name.com,,,
71886e61-ed73-4633-9b7e-dcdde07411d0,lyndon.marketing,available,6.98,53.98,medium,low,6,namecheap,,,25/09/2026 16:09
d66dedca-f117-423c-b207-e38e22f77a91,serum.marketing,available,5.57,34.46,high,low,5,dynadot,,,29/09/2026 06:06
2ebeb928-85c9-457e-8909-4c3622df4e5f,possessions.marketing,available,6.41,33.32,low,low,11,spaceship,,,28/09/2026 17:10
65fa84a3-10ea-4204-8f0a-1261af2a9791,backs.marketing,available,8.99,41.99,medium,low,5,namesilo,,,18/09/2026 06:41
718e5859-47db-45fe-9a60-1ac016028d69,crisply.marketing,available,6.98,53.98,medium,low,7,namecheap,,,14/09/2026 09:37
a956d5f5-379c-4b10-a74a-832a9bd026ff,misguided.marketing,available,6.98,53.98,medium,low,9,namecheap,,,21/08/2026 18:57
43ffc885-693b-4d05-b5cb-4f17a2bb706c,doings.marketing,available,8.99,41.99,high,low,6,namesilo,,,23/09/2026 03:17
ba4b3d84-2811-431e-976d-4aaa21e04e4c,egotistic.marketing,available,6.98,53.98,medium,low,9,namecheap,,,12/08/2026 19:55
47a1cf32-c2eb-4617-8646-4832daa7e5c4,admitted.marketing,available,8.99,41.99,medium,low,8,namesilo,,,27/09/2026 22:14
0624f82b-ef85-4578-97ae-9bc51e0d1712,appraiser.marketing,available,8.99,41.99,high,low,9,namesilo,,,19/09/2026 22:12
9029f404-8d52-43cd-8bfa-8362ccb37e84,market.marketing,resell,,,high,medium,6,"Global Domains International, Inc. DBA DomainCostClub.com",29/04/2026 15:15,29/04/2027 15:15,26/09/2026 07:26
703fd20e-6852-43d7-af2b-94295fd55509,crochet.marketing,available,8.99,41.99,high,low,7,namesilo,,,24/09/2026 19:40
70d6b3d1-0123-46c0-a0e4-a93eec027f22,sober.marketing,available,6.98,53.98,high,low,5,namecheap,,,20/08/2026 18:42
bd222c4b-5edc-4784-9a34-f582e4a0f928,cfr.marketing,available,8.99,41.99,medium,low,3,namesilo,,,28/09/2026 11:55
01a0664a-0e4a-46c8-8a9e-266d21d6ac7b,archival.marketing,available,6.98,53.98,high,low,8,namecheap,,,06/08/2026 15:53
1f2025ac-a17e-400d-b65f-ccee90129dcb,goods.marketing,available,9.99,,high,low,5,name.com,,,
462b55ca-f02f-4d8e-a35c-39ae087fdbca,pondering.marketing,available,6.98,53.98,high,low,9,namecheap,,,11/08/2026 06:01
91a66510-dae2-4159-8b36-cfaaa0f07dab,chappell.marketing,available,6.41,33.32,medium,low,8,spaceship,,,28/09/2026 21:34
21dd3cdb-e4d2-48f0-979e-9af9f2b00e46,cannot.marketing,available,6.41,33.32,low,low,6,spaceship,,,28/09/2026 16:55
5dea98c4-5467-4eee-8325-a38ea64bed02,grudging.marketing,available,6.98,53.98,medium,low,8,namecheap,,,20/08/2026 20:31
d050ca2f-1c36-40f0-b6a1-b9ce69d99f86,amoxil.marketing,available,8.99,41.99,medium,low,6,namesilo,,,18/09/2026 22:54
487f2daf-96cd-4418-ac89-9efeae2afaa3,referable.marketing,available,6.98,53.98,medium,low,9,namecheap,,,07/08/2026 01:28
e97cecd4-7e0d-45ec-a678-66b4511c3ecc,trench.marketing,available,6.98,53.98,medium,low,6,namecheap,,,28/09/2026 20:01
4868fa5b-1536-462a-a695-df4ba2a7704b,prompts.marketing,resell,9.99,,high,medium,7,"Spaceship, Inc.",23/08/2026 16:11,23/08/2027 16:11,26/09/2026 08:22
34696601-8b3c-4787-b7ac-2ca1c93a73ee,delible.marketing,available,6.98,53.98,low,low,7,namecheap,,,14/08/2026 00:35
ce3cc26f-61c1-4e55-b3ee-c9c5c56672c8,thackeray.marketing,available,5.57,34.46,medium,low,9,dynadot,,,29/09/2026 14:03
0ab8ef30-68ff-467b-adc3-bfa262b069e2,tcp.marketing,available,8.99,41.99,high,low,3,namesilo,,,28/09/2026 03:08
4ab932d2-2dd9-41d7-94c5-0cf176f9c7b6,checkroom.marketing,available,8.99,41.99,medium,low,9,namesilo,,,24/09/2026 14:04
5eef7a0a-1226-4a66-9181-f7c104db6f63,specialized.marketing,available,9.99,,high,low,11,name.com,,,
fa0e92bf-ebb8-4a63-9e76-31432fef6e3b,unidentified.marketing,available,6.41,33.32,medium,low,12,spaceship,,,28/09/2026 08:18
2cc960fe-69df-4558-988f-e242156ee04e,tabu.marketing,available,6.98,53.98,high,low,4,namecheap,,,18/08/2026 11:04
cd535430-94c2-4a34-baec-95df4c203de5,phobic.marketing,available,6.98,53.98,medium,low,6,namecheap,,,08/09/2026 18:56
ab368fd2-d644-4fed-a87e-71c2df24143c,sunday.marketing,available,32.2,32.2,high,low,6,cloudflare,,,29/09/2026 02:45
afabe040-5815-4db4-9b15-3a1dd15bc838,octagonal.marketing,available,6.98,53.98,medium,low,9,namecheap,,,04/09/2026 00:37
d338f4bc-4c27-41ca-9075-349a6fd6dc61,harmonise.marketing,available,8.99,41.99,high,low,9,namesilo,,,16/09/2026 22:55
ab91b2e7-7957-4f34-8a5b-5b40038df7c3,unit.marketing,available,9.99,,high,low,4,name.com,,,
e2102e5c-d4e1-4b4b-9540-8ff550a7a26a,faint.marketing,available,6.98,53.98,high,low,5,namecheap,,,17/08/2026 21:01
25ee2351-ef02-4279-b4b5-1b1e2f67cb08,nonverbal.marketing,available,6.98,53.98,high,low,9,namecheap,,,03/09/2026 21:00
d88ebcb5-9430-4c22-bbff-1b84de1a6628,niffy.marketing,available,6.98,53.98,low,low,5,namecheap,,,03/09/2026 17:10
373f8124-3c35-46ac-8fdb-3213981a8cf3,genu.marketing,available,8.99,41.99,high,low,4,namesilo,,,20/09/2026 11:29
88c61c1c-b37d-4922-88bc-c0cffb5cc23c,booty.marketing,available,6.41,33.32,high,low,5,spaceship,,,29/09/2026 11:44
8267790e-9590-450b-93cb-de6cb2bf9df1,forested.marketing,available,6.98,53.98,high,low,8,namecheap,,,18/08/2026 11:43
6fd1bb57-7cfe-46c1-b421-87a77285f149,heart.marketing,premium,85.8,85.8,high,low,5,namecheap,,,23/09/2026 13:28
e7998491-7d64-4c14-9020-92c8bdc6e4b9,refund.marketing,available,6.41,33.32,high,low,6,spaceship,,,29/09/2026 07:57
7ea88fab-7c7b-44f1-b261-c490937c9c9a,endocrine.marketing,available,6.98,53.98,high,low,9,namecheap,,,17/08/2026 01:00
67746da5-2f00-43a9-94a6-6a1ad459ac8f,pinned.marketing,available,5.57,34.46,medium,low,6,dynadot,,,28/09/2026 05:02
8eb57b5d-1f70-4667-9a2e-c5c68b8a3d06,nobleman.marketing,available,6.98,53.98,high,low,8,namecheap,,,03/09/2026 18:00
24c06a49-1dcd-4b78-a413-e9be1d6f0f0e,juiceless.marketing,available,6.98,53.98,medium,low,9,namecheap,,,22/08/2026 14:18
abd59b77-fea2-41f8-a656-c034a5b73bdd,treat.marketing,available,8.99,41.99,high,low,5,namesilo,,,24/09/2026 04:23
cc5d93a1-c56f-4727-a4d7-a8d2f00904c8,swollen.marketing,available,8.99,41.99,high,low,7,namesilo,,,23/09/2026 18:42
76083337-b3fc-498f-8aba-9dcf3e4b9f35,freeborn.marketing,available,6.98,53.98,medium,low,8,namecheap,,,18/08/2026 14:53
2e33b8ca-9c73-405a-a372-c988c05737da,lutz.marketing,available,5.66,33.47,medium,low,4,porkbun,,,28/09/2026 15:40
585d9aa3-6ba3-47b8-b664-905f3f55b2e7,respectful.marketing,available,6.41,33.32,high,low,10,spaceship,,,27/09/2026 12:44
b7af0ae6-41fa-4344-bafb-558684dcb4e1,freehand.marketing,available,6.98,53.98,high,low,8,namecheap,,,18/08/2026 14:55
9e5dec4e-740e-4fa1-bd37-1b0f40af2c95,bitt.marketing,available,8.99,41.99,medium,low,4,namesilo,,,23/09/2026 22:49
b2ab6f9d-088f-4856-a0af-c57964a2cf51,flowered.marketing,available,6.98,53.98,high,low,8,namecheap,,,18/08/2026 08:56
8f4a93cd-5914-451a-997b-17846df604fe,memorably.marketing,available,6.98,53.98,medium,low,9,namecheap,,,15/09/2026 14:01
1ac5aa1e-c24c-4d44-8dc6-8ad38eca1fd8,kinder.marketing,premium,78.54,78.54,high,medium,6,namesilo,,,
cf655f38-363a-4b7e-810c-3527cb5de3b6,humility.marketing,available,32.2,32.2,high,low,8,cloudflare,,,29/09/2026 07:17
d73df4fa-3011-4b94-a2cc-d3eda4fba196,hoff.marketing,available,6.98,53.98,medium,low,4,namecheap,,,29/09/2026 21:37
b6cbd6e3-2263-4981-a163-646aa8142ceb,delusory.marketing,available,6.98,53.98,low,low,8,namecheap,,,13/08/2026 21:18
9d1fc123-0a83-4cd0-866e-e9a56fffef8d,unnatural.marketing,available,6.98,53.98,medium,low,9,namecheap,,,
a95c44a2-3dda-4157-8231-35366ef2a7c3,slothful.marketing,available,6.98,53.98,medium,low,8,namecheap,,,17/08/2026 20:58
083433c8-ff20-49f2-a5e0-5f3159d90398,particularly.marketing,available,9.99,52.99,medium,low,12,name.com,,,27/09/2026 08:28
b4b295e2-1292-427f-9515-6bfe40659a08,highly.marketing,available,32.2,32.2,medium,low,6,cloudflare,,,28/09/2026 14:51
06b9e732-e1ec-432a-ae35-563cbccb67f2,reaching.marketing,available,8.99,41.99,high,low,8,namesilo,,,20/09/2026 09:16
4b93698d-b28b-45b3-a369-9477c94a9396,fiction.marketing,available,32.2,32.2,high,low,7,cloudflare,,,29/09/2026 18:50
848273d1-8b0a-4eed-be3b-b57f47816377,recondite.marketing,available,6.98,53.98,medium,low,9,namecheap,,,
c76eb1d5-4d2d-4d8e-aa7e-216ec36dd9ed,homicide.marketing,available,8.99,41.99,medium,low,8,namesilo,,,25/09/2026 07:26
67993783-6e55-4701-a377-742587cdb109,unethical.marketing,available,6.98,53.98,medium,low,9,namecheap,,,12/09/2026 09:19
99432d72-4f80-48c4-a0dd-988d19a588c0,roxbury.marketing,available,6.41,33.32,medium,low,7,spaceship,,,28/09/2026 12:20
30647e3e-ed7e-4060-8961-403768e394c6,wills.marketing,available,8.99,41.99,medium,low,5,namesilo,,,29/09/2026 03:50
96713cba-6861-4dba-88e1-aab41843bfba,annulate.marketing,available,6.98,53.98,high,low,8,namecheap,,,
c2a3dc59-f67f-487e-bf09-82119ca8ae02,debra.marketing,available,8.99,41.99,medium,low,5,namesilo,,,28/09/2026 16:29
b5c5ad86-7bda-4a85-97fe-5ddc4f959060,archetypal.marketing,available,,,medium,low,10,,,,
5d9b3f21-e1f3-4ce4-ae87-6c157b33a203,tweet.marketing,available,9.99,,high,low,5,name.com,,,
9614f71b-a19a-441e-a6a2-5d605028f506,stupefying.marketing,available,6.98,53.98,low,low,10,namecheap,,,10/09/2026 18:10
8aa28962-422c-450d-a7c7-45fba08ada4c,baster.marketing,available,8.99,41.99,medium,low,6,namesilo,,,22/09/2026 12:47
18005730-4244-400e-8435-f9ca8ec4eacb,princely.marketing,available,6.98,53.98,high,low,8,namecheap,,,14/08/2026 01:00
3b0818db-4164-4f2c-a102-10df13342570,riddled.marketing,available,6.98,53.98,medium,low,7,namecheap,,,09/09/2026 17:19
ffb781fa-5bf6-4937-a6bd-e28946d9fee2,restrictions.marketing,available,6.41,33.32,medium,low,12,spaceship,,,29/09/2026 23:44
45b5ab5d-b49e-464e-9d02-5a8cb2e24d71,systems.marketing,premium,118.8,118.8,medium,low,7,namesilo,,,29/09/2026 14:31
ae518562-2ae3-467a-ac8b-5106af256603,allhallows.marketing,available,9.99,52.99,medium,low,10,name.com,,,18/09/2026 09:24
22a2969c-0390-4cea-a582-5f0a2ba86325,audiotape.marketing,available,8.99,41.99,high,low,9,namesilo,,,21/09/2026 03:01
8f01c534-63df-40b3-bbcc-b4ee8329d63c,banjo.marketing,available,8.99,41.99,high,low,5,namesilo,,,22/09/2026 02:11
9a9a37e1-9014-4e92-8ded-671974aab457,sprague.marketing,available,8.99,41.99,medium,low,7,namesilo,,,28/09/2026 08:05
c64600e9-be38-4ae6-a5ee-dda3b146f820,batholith.marketing,available,8.99,41.99,medium,low,9,namesilo,,,22/09/2026 13:43
5249973e-bc2c-4027-8d25-4d81d216191c,aggregator.marketing,available,8.99,41.99,high,low,10,namesilo,,,17/09/2026 17:29
7c142b3b-19ba-4a4d-a22b-cb367c3a27da,siris.marketing,available,8.99,41.99,high,low,5,namesilo,,,18/09/2026 03:05
f98b4503-5cfb-4ac5-894f-d535823c2e1c,raspy.marketing,available,6.98,53.98,medium,low,5,namecheap,,,20/08/2026 18:31
7725878c-1cce-4bcf-93d3-e128c26ee8c8,bismuth.marketing,available,8.99,41.99,high,low,7,namesilo,,,20/09/2026 23:53
1f3af052-43ef-4d21-9ea1-ab3d69744051,llp.marketing,premium,118.8,118.8,high,low,3,namesilo,,,
b86c3ee8-6d7b-4ad0-ba10-9ad9dc51782f,starch.marketing,available,8.99,41.99,high,low,6,namesilo,,,19/09/2026 00:32
64865ede-b89e-43a9-9b9f-a8129384a124,questions.marketing,available,8.99,41.99,high,low,9,namesilo,,,28/09/2026 07:02
16132fe2-0e4b-432b-b94c-2d255f46812c,protected.marketing,available,8.99,41.99,high,low,9,namesilo,,,27/09/2026 07:42
a261ddb2-6f96-4d92-b77b-721ff9ee0667,interpret.marketing,available,9.99,,high,low,9,name.com,,,
aae314b5-ba5d-4012-99c8-2b6dd0b29dec,dafla.marketing,available,6.98,53.98,medium,low,5,namecheap,,,16/09/2026 16:37
8a61951d-359e-4132-81a9-96013ec3486f,sears.marketing,available,6.41,33.32,high,low,5,spaceship,,,29/09/2026 04:28
6c65376a-2820-4fce-90ec-8936a3f9270c,pearce.marketing,available,5.57,34.46,high,low,6,dynadot,,,29/09/2026 15:07
1a6fff00-c1b9-4b98-8dd8-86ab1dc43fd0,analogy.marketing,available,6.41,33.32,high,low,7,spaceship,,,28/09/2026 21:11
a0902a1b-bbd0-4d2c-b369-c2bbc9496ea2,hispanic.marketing,resell,,,high,low,8,"Go Australia Domains, LLC",16/04/2014 16:00,16/04/2027 16:00,26/09/2026 06:40
0fd227f4-f321-4d52-a221-46f7cdbfcf5f,capability.marketing,available,8.99,41.99,high,low,10,namesilo,,,24/09/2026 12:11
3407aa14-07ed-4464-85fb-fb01df5bd32c,muffin.marketing,available,9.99,,high,low,6,name.com,,,
2fe03fac-c751-4548-9762-5100e54558fb,gomez.marketing,available,8.99,41.99,high,low,5,namesilo,,,25/09/2026 16:06
ac35e2c6-3236-4054-85e0-7d2c9e6c2ded,ringer.marketing,available,8.99,41.99,high,low,6,namesilo,,,23/09/2026 05:42
aef519a6-6cb9-41c3-b9a3-6b1d9112ac4c,antisocial.marketing,available,,,high,low,10,,,,
272a7ffd-33c1-446e-8c5d-53a0e7629c2e,sep.marketing,available,9.99,,high,low,3,name.com,,,
afc99eae-b3c7-45b0-9144-b99f15cf62f3,narrowed.marketing,available,6.98,53.98,medium,low,8,namecheap,,,03/09/2026 13:27
5d29ad4b-9ac9-489e-8829-a8d57b0d37da,cba.marketing,available,6.98,53.98,high,low,3,namecheap,,,28/09/2026 21:48
6c182a8a-516b-400a-a63f-fe4ce33a53f3,aplomb.marketing,available,6.98,53.98,high,low,6,namecheap,,,19/09/2026 17:47
696cb60a-d6db-4ae8-ac28-86fe57ec3a9b,fail.marketing,premium,207.2,207.2,high,low,4,spaceship,,,29/09/2026 19:36
ed667bdb-4cb7-40e3-81aa-c89a9e994334,drunk.marketing,available,6.98,53.98,high,low,5,namecheap,,,14/08/2026 20:17
f08f3d9b-2a81-447d-b0ef-31ab52f3c47c,darned.marketing,available,6.98,53.98,medium,low,6,namecheap,,,10/08/2026 12:41
fde284de-1e7b-47c8-9595-f1c19a18a31c,vassal.marketing,available,6.98,53.98,medium,low,6,namecheap,,,18/08/2026 03:02
b6326988-80ed-4375-af25-886774cff352,incurious.marketing,available,6.98,53.98,medium,low,9,namecheap,,,22/08/2026 02:08
4f116ec1-bb19-4624-bd9d-45e88282af99,scrutiny.marketing,available,8.99,41.99,high,low,8,namesilo,,,30/09/2026 01:34
00021ecd-d725-4bb5-bf71-70d1fd73a39a,psychological.marketing,available,8.99,41.99,medium,low,13,namesilo,,,28/09/2026 04:31
83e74931-e8be-42c4-920f-7a35ef6e41e1,commodore.marketing,available,6.41,33.32,high,low,9,spaceship,,,29/09/2026 11:55
0e6f9cf0-9205-4895-bc23-13d56e46e07e,slippy.marketing,available,6.98,53.98,medium,low,6,namecheap,,,10/09/2026 11:03
eafa5714-d19e-438e-a23b-be5421a912ea,worsening.marketing,available,6.41,33.32,medium,low,9,spaceship,,,28/09/2026 10:58
b7feee80-18bd-43b7-a373-86e74c3ef681,disagreement.marketing,available,6.41,33.32,medium,low,12,spaceship,,,29/09/2026 10:22
3695cedb-2912-4e5d-a2c9-8f013a1b89b0,tvs.marketing,available,8.99,41.99,high,low,3,namesilo,,,30/09/2026 00:49
c32f0a29-f69d-408b-89ab-b68b3556a578,ambivalence.marketing,available,9.99,,high,low,11,name.com,,,
849c54cf-afc4-4127-ae3b-ce4055bf6be5,stilly.marketing,available,6.98,53.98,low,low,6,namecheap,,,10/09/2026 20:35
2d5e3136-b273-4ec4-a26f-001e37d9ce6a,staunch.marketing,available,6.98,53.98,high,low,7,namecheap,,,10/09/2026 19:22
9f6811e5-6a02-4486-8417-ceb37c3de21c,adit.marketing,available,6.98,53.98,medium,low,4,namecheap,,,17/09/2026 08:21
8d8f3167-3164-4f12-bb70-5d146d29d1c7,cancel.marketing,available,6.41,33.32,medium,low,6,spaceship,,,29/09/2026 06:25
9638d63f-e0dc-4d8e-9bf4-e05548acb094,chairs.marketing,available,6.98,53.98,medium,low,6,namecheap,,,17/09/2026 18:32
0a1a8ff2-9c1a-4f1b-af3c-6b4889d186dd,necklace.marketing,available,5.66,33.47,high,low,8,porkbun,,,27/09/2026 14:59
36e0427b-9fc1-4cda-87c5-b2cfa153e1a5,sixteen.marketing,available,8.99,41.99,high,low,7,namesilo,,,21/09/2026 11:48
7038c6f0-f558-46f5-9275-cc17750856e5,fisheye.marketing,available,6.98,53.98,high,low,7,namecheap,,,18/08/2026 05:28
d77ee71b-c8d8-488d-a5a7-ce672fec383d,foliage.marketing,available,6.41,33.32,high,low,7,spaceship,,,30/09/2026 01:40
c69b0490-c382-426e-9272-6fbb1900d606,stodgy.marketing,available,6.98,53.98,medium,low,6,namecheap,,,18/08/2026 10:04
4d73aa9e-69d8-4f1e-8d39-bacc3d1c94c1,operose.marketing,available,6.98,53.98,medium,low,7,namecheap,,,06/08/2026 17:05
eb6b080f-2435-4d30-ba11-db60b96002e9,hipaa.marketing,available,8.99,41.99,high,low,5,namesilo,,,25/09/2026 10:53
d3d721bd-34b2-4e24-861b-d7418e9a181e,watered.marketing,available,6.98,53.98,medium,low,7,namecheap,,,25/08/2026 03:28
8360736e-e6a0-4236-b8db-9d55986ba290,contribute.marketing,available,5.66,33.47,high,low,10,porkbun,,,28/09/2026 06:58
ac572b43-0f75-41c1-b7f8-e583e1d3747b,hallowed.marketing,available,6.98,53.98,high,low,8,namecheap,,,20/08/2026 22:52
18b16b27-395d-406e-884b-04224a3def46,krishna.marketing,available,8.99,41.99,high,low,7,namesilo,,,29/09/2026 07:26
8d5c4e76-3854-4322-9dec-3a635185ba16,slenderize.marketing,available,6.98,53.98,medium,low,10,namecheap,,,10/09/2026 10:53
120178c4-3a24-4f16-afbf-08337123eea7,contacts.marketing,available,6.98,53.98,medium,low,8,namecheap,,,19/09/2026 20:06
8fd408d8-ae6b-4d62-9349-a1676ef0de2f,prowlers.marketing,available,8.99,41.99,low,low,8,namesilo,,,20/09/2026 12:42
d2525461-724d-4328-9418-43a77841e7ef,idiomatic.marketing,available,6.98,53.98,high,low,9,namecheap,,,21/08/2026 18:07
fb3c7e9e-aaa6-4e38-af27-99eaa8ad086b,celibate.marketing,available,6.98,53.98,high,low,8,namecheap,,,11/08/2026 23:25
63d68114-5d3a-4de3-b73b-0e49f37a5b0d,sterile.marketing,available,6.98,53.98,high,low,7,namecheap,,,22/09/2026 09:35
84d88f29-1e94-4824-8da5-446d63c912c3,backhand.marketing,available,6.98,53.98,high,low,8,namecheap,,,08/08/2026 05:43
ce5e7edf-0f7b-411f-b605-8cd85e5d4a7d,zilch.marketing,available,6.98,53.98,medium,low,5,namecheap,,,03/09/2026 22:42
7cd9fb58-b023-4947-bc54-41f5b103b8c4,cup.marketing,available,8.99,41.99,high,low,3,namesilo,,,19/09/2026 14:42
1ce5ab27-452d-41c0-83f5-de77624b28d9,lawton.marketing,available,32.2,32.2,high,low,6,cloudflare,,,28/09/2026 02:15
fee8e844-71b9-4b27-94dc-3c1cb0ae6b10,grayson.marketing,available,6.41,33.32,medium,low,7,spaceship,,,28/09/2026 00:47
7e2f1a50-68f8-40c8-adb9-66ea8d306ccc,duration.marketing,available,5.66,33.47,high,low,8,porkbun,,,28/09/2026 19:00
b695c5b4-275b-4fd5-b53a-70c09af5d6ce,guadalupe.marketing,available,8.99,41.99,medium,low,9,namesilo,,,25/09/2026 15:36
982393b4-0e3b-4ae4-8fcf-92e14b16add2,dolomite.marketing,available,6.98,53.98,medium,low,8,namecheap,,,23/09/2026 23:01
477938e0-512e-438e-80d0-acbe0e5a51a4,aristocratic.marketing,available,6.41,33.32,high,low,12,spaceship,,,29/09/2026 20:55
7d5fb050-a703-4ca1-ac70-a4e2c1107345,unanimous.marketing,available,6.98,53.98,high,low,9,namecheap,,,12/08/2026 22:33
757ff70e-cb1f-4da6-b83f-0d616fb822be,worse.marketing,available,6.41,33.32,high,low,5,spaceship,,,28/09/2026 10:56
3e3ac864-f9f1-4442-91c5-217727fc9211,noseless.marketing,available,6.98,53.98,low,low,8,namecheap,,,03/09/2026 21:47
7a5cdaa2-b0f8-4902-9b55-1e674d9dc5f9,pummel.marketing,available,8.99,41.99,medium,low,6,namesilo,,,23/09/2026 13:52
8390bd9d-3316-4b16-9989-069cefa42bcc,petrous.marketing,available,6.98,53.98,medium,low,7,namecheap,,,08/09/2026 18:24
4001bf38-28e9-4a76-81ed-32c956444c13,finding.marketing,available,8.99,41.99,high,low,7,namesilo,,,19/09/2026 14:57
16b3dbed-2814-4dee-a275-7f0cb9547cd3,sunshade.marketing,available,6.98,53.98,high,low,8,namecheap,,,21/09/2026 10:14
6b2323d8-4492-4c42-bba6-833a4cfb8031,katari.marketing,available,6.98,53.98,medium,low,6,namecheap,,,22/08/2026 15:12
afeae3d4-845a-493f-85c5-5fbc842a28f5,artful.marketing,available,6.98,53.98,high,low,6,namecheap,,,06/08/2026 22:44
5a97f9d1-89a6-4b48-a3cb-04f87fbe1d13,folder.marketing,available,32.2,32.2,high,low,6,cloudflare,,,29/09/2026 03:36
052fa106-f255-4022-8cc6-32d4bf39ca37,bath.marketing,available,6.98,53.98,high,low,4,namecheap,,,29/09/2026 01:30
70e4f848-7ecd-4cd0-acce-b09fd932b005,aerofoil.marketing,available,8.99,41.99,medium,low,8,namesilo,,,17/09/2026 13:00
4c1766bc-c275-401d-8a96-8819e39a30d7,immanent.marketing,available,6.98,53.98,medium,low,8,namecheap,,,21/08/2026 20:50
353b5be3-4aca-4f50-91c8-1f439d200b50,scared.marketing,available,6.98,53.98,medium,low,6,namecheap,,,18/08/2026 15:38
8c132596-614d-440b-84f5-3602f035a52a,conceit.marketing,available,8.99,41.99,high,low,7,namesilo,,,18/09/2026 22:51
1f2330f8-b647-4141-8ae2-904691acea45,housebound.marketing,available,6.98,53.98,medium,low,10,namecheap,,,21/08/2026 10:56
942c8b9c-550e-4569-bb19-d09a5fd93506,chung.marketing,available,32.2,32.2,medium,low,5,cloudflare,,,28/09/2026 16:45
137f8fd4-c0b8-4a8f-abc6-f57c92a692b5,geniality.marketing,available,6.98,53.98,high,low,9,namecheap,,,17/09/2026 14:00
1d1c6ccc-f994-4db6-87a0-1c9a89b52c73,outlawed.marketing,available,6.98,53.98,medium,low,8,namecheap,,,21/08/2026 19:52
61b01f8d-67f2-40eb-b47b-be8acb4a55e8,directory.marketing,available,8.99,41.99,high,low,9,namesilo,,,24/09/2026 22:24
8e811126-8915-4160-8efc-4f2a8c11364d,freudian.marketing,available,6.98,53.98,medium,low,8,namecheap,,,18/08/2026 15:26
9303db80-bfaa-461d-9559-129e0a9b5e8e,grover.marketing,available,32.2,32.2,medium,low,6,cloudflare,,,29/09/2026 09:39
42a4fcd5-3e60-4d37-b01b-4b75903cf269,kerensky.marketing,available,6.98,53.98,high,low,8,namecheap,,,18/09/2026 05:02
02ce6892-5ac8-4c95-a2c4-aba4ea74285d,alborg.marketing,available,8.99,41.99,medium,low,6,namesilo,,,16/09/2026 13:12
0631e9d7-8638-4eec-af47-0315e7573bda,foxily.marketing,available,6.98,53.98,medium,low,6,namecheap,,,14/09/2026 09:04
bfb6ca9f-28f8-4d5e-a2a1-e948681d0880,chickens.marketing,available,6.41,33.32,medium,low,8,spaceship,,,27/09/2026 22:56
6dea971a-2b5c-431e-9780-e6ee98279d41,parametric.marketing,available,6.98,53.98,high,low,10,namecheap,,,08/09/2026 01:01
6579faf4-db5d-4508-baed-077b3cb2dfa1,bemock.marketing,available,6.98,53.98,medium,low,6,namecheap,,,25/08/2026 02:26
a0d7bbf2-b2c7-4465-85fd-e5e8ee0f030a,nestling.marketing,available,6.98,53.98,high,low,8,namecheap,,,25/08/2026 00:18
3f657562-b5fb-4cd2-a471-af01c7c330d7,mgm.marketing,available,9.99,52.99,high,low,3,name.com,,,25/09/2026 13:30
b37f2d1f-a45f-46ca-ac45-956a987e5c96,publically.marketing,available,6.98,53.98,medium,low,10,namecheap,,,15/09/2026 06:33
8e02c783-8e53-4c70-baf8-1cb78d0fc160,organizers.marketing,available,8.99,41.99,medium,low,10,namesilo,,,28/09/2026 10:11
75307238-ff83-433b-8e57-a8a056e2ec74,hoofed.marketing,available,6.98,53.98,medium,low,6,namecheap,,,21/08/2026 13:40
813944b2-e57f-470b-b167-5b203c7f5cc3,anteater.marketing,available,8.99,41.99,high,low,8,namesilo,,,16/09/2026 13:25
1a3bc8c6-706c-49ee-8784-d079086afe6f,bishop.marketing,available,8.99,41.99,high,low,6,namesilo,,,23/09/2026 21:47
1cd45b5b-1086-46a1-ab9a-ed02f196d260,opposition.marketing,available,6.98,53.98,high,low,10,namecheap,,,04/09/2026 16:40
48bbed22-3986-4080-990a-e4f1f3833dcb,nucleate.marketing,available,6.98,53.98,medium,low,8,namecheap,,,03/09/2026 22:24
3c00a354-b342-4b56-977f-dc21ddc263b0,annette.marketing,available,6.41,33.32,medium,low,7,spaceship,,,28/09/2026 04:47
16bc2b0f-e8b0-4b17-80e8-fba0aca09cd8,essayer.marketing,available,6.98,53.98,medium,low,7,namecheap,,,21/09/2026 01:22
a6d3fc50-25bc-44b2-9848-b6897b8d96ff,christi.marketing,available,6.98,53.98,medium,low,7,namecheap,,,25/09/2026 21:26
216a52aa-ef1c-483c-aa5a-943173d12a84,durable.marketing,available,8.99,41.99,high,low,7,namesilo,,,24/09/2026 12:29
8c881783-9e03-41d5-bc47-d36895634ddf,worrying.marketing,available,6.98,53.98,medium,low,8,namecheap,,,14/08/2026 13:23
ba84540b-1d0a-4ad7-bb1c-4d0d374f1fcf,drilling.marketing,available,6.98,53.98,high,low,8,namecheap,,,10/08/2026 20:06
b3450779-519f-420a-ae74-509cd24c1b81,rockbound.marketing,available,6.98,53.98,medium,low,9,namecheap,,,09/09/2026 18:10
dfa19dfa-4135-4ae9-9bf9-52e838f3f409,paddlefish.marketing,available,6.98,53.98,medium,low,10,namecheap,,,14/08/2026 20:48
a8107b3c-b3b5-41da-90cb-a5678f927d40,defamer.marketing,available,8.99,41.99,medium,low,7,namesilo,,,21/09/2026 15:02
e75dd437-488d-4489-ac24-ac6d1578b06e,scrambled.marketing,available,6.98,53.98,high,low,9,namecheap,,,09/09/2026 23:46
7f7ae271-d04c-4c6d-92d8-1696e3503483,demonstrates.marketing,available,8.99,41.99,medium,low,12,namesilo,,,20/09/2026 23:55
b4be16aa-d481-4a22-a689-53a3f086ea63,nighttime.marketing,available,9.99,,high,low,9,name.com,,,
87167fcb-f618-4622-9cb3-ed9b2d8eac7a,rosemary.marketing,available,5.57,34.46,high,low,8,dynadot,,,28/09/2026 10:51
b7ca0ed3-b2db-45ce-bea2-ea04ae31c8c6,vivaldi.marketing,available,8.99,41.99,medium,low,7,namesilo,,,19/09/2026 15:40
ca019556-c6ee-46e3-a167-81afd38ac63f,bagger.marketing,available,6.98,53.98,medium,low,6,namecheap,,,21/09/2026 18:02
17fa31f9-1b1c-4f2e-84cd-78b9dafc6fa6,stinky.marketing,available,6.98,53.98,high,low,6,namecheap,,,13/08/2026 05:18
e472acc5-d091-4d69-92af-a7f9fe98c8f0,ostracize.marketing,available,6.98,53.98,high,low,9,namecheap,,,24/09/2026 01:58
4210d8e6-66ef-4861-9a75-6012e25be046,ramjet.marketing,available,6.98,53.98,medium,low,6,namecheap,,,20/09/2026 20:48
47aa89e6-152f-4f53-8fb6-ad5741b20ecd,menus.marketing,available,6.41,33.32,medium,low,5,spaceship,,,28/09/2026 08:20
181ac065-4dc7-4474-ac6c-7b44465fff34,stokes.marketing,available,8.99,41.99,medium,low,6,namesilo,,,28/09/2026 22:21